company,category,country,city,website,email,phone,status,audit_a,audit_a_reason,audit_b,audit_b_reason,source_url,notes
COSCO Shipping Lines,liner_operator,China,,,,,verified,confirmed,"Search budget exhausted; Shanghai, China-headquartered top-5 liner, beyond doubt from established knowledge.",confirmed,"Well-established fact: COSCO Shipping Lines is headquartered in Shanghai, China, and is a top-4 container carrier.",https://en.portnews.ru/news/353665/,Alphaliner #4. HQ country from general knowledge (Shanghai).
A.P. Moller - Maersk,liner_operator,Denmark,,,,,verified,confirmed,"Search budget exhausted; Copenhagen, Denmark-headquartered liner giant, beyond doubt from established knowledge.",confirmed,"Well-established fact: Maersk is headquartered in Copenhagen, Denmark, and is a top-2 container carrier.",https://en.portnews.ru/news/353665/,Alphaliner #2; ~4.65M TEU. HQ country from general knowledge (Copenhagen).
CMA CGM,liner_operator,France,,,,,verified,confirmed,"Search budget exhausted; Marseille, France-headquartered top-3 liner, beyond doubt from established knowledge.",confirmed,"Well-established fact: CMA CGM is headquartered in Marseille, France, and is a top-3 container carrier.",https://safety4sea.com/alphaliner-the-fastest-growing-container-shipping-lines-in-2026/,"Alphaliner #3; 4.39M TEU; fastest-growing top-10 carrier in H1 2026 (+235,500 TEU, +5.7%). HQ country from general knowledge (Marseille)."
Hapag-Lloyd,liner_operator,Germany,,,,,verified,confirmed,"Search budget exhausted; Hamburg, Germany-headquartered top-5 liner, beyond doubt from established knowledge.",confirmed,"Well-established fact: Hapag-Lloyd is headquartered in Hamburg, Germany, and is a top-5 container carrier.",https://en.portnews.ru/news/353665/,Alphaliner #5. HQ country from general knowledge (Hamburg).
ZIM Integrated Shipping Services,liner_operator,Israel,Haifa,,,,verified,confirmed,"Search budget exhausted; Haifa, Israel-headquartered liner, beyond doubt from established knowledge.",confirmed,"Well-established fact: ZIM is headquartered in Haifa, Israel.",https://en.portnews.ru/news/353665/,"Alphaliner #10. Search result stated HQ in Haifa, Israel (with US base in Norfolk, Virginia)."
Ocean Network Express (ONE),liner_operator,Singapore,,,,,verified,confirmed,"Search budget exhausted; Singapore-headquartered Japanese JV liner, beyond doubt from established knowledge.",confirmed,Well-established fact: ONE is a Japanese-owned JV (NYK/MOL/K Line) headquartered in Singapore.,https://en.portnews.ru/news/353665/,Alphaliner #6. HQ in Singapore (Japanese-owned JV) per general knowledge.
HMM,liner_operator,South Korea,,,,,verified,confirmed,"Search budget exhausted; Seoul, South Korea-headquartered liner, beyond doubt from established knowledge.",confirmed,"Well-established fact: HMM (formerly Hyundai Merchant Marine) is headquartered in Seoul, South Korea.",https://en.portnews.ru/news/353665/,Alphaliner #8. HQ country from general knowledge (Seoul).
MSC (Mediterranean Shipping Company),liner_operator,Switzerland,,,,,verified,confirmed,"Search budget exhausted; world's largest container line, Geneva/Switzerland HQ is beyond doubt from established knowledge.",confirmed,"Well-established fact: MSC is the world's largest container line, headquartered in Geneva, Switzerland.",https://en.portnews.ru/news/353665/,"Alphaliner #1; ~7.33M TEU, ~21.6% of global fleet; first carrier to operate 1,000 ships (2026). HQ country from general knowledge (Geneva), not stated in search snippet."
Evergreen Marine,liner_operator,Taiwan,,,,,verified,confirmed,"Search budget exhausted; Taiwan-headquartered major liner, beyond doubt from established knowledge.",confirmed,Well-established fact: Evergreen Marine is headquartered in Taiwan (Taoyuan/Taipei area).,https://en.portnews.ru/news/353665/,Alphaliner #7. HQ country from general knowledge (Taipei).
Yang Ming Marine Transport,liner_operator,Taiwan,,,,,verified,confirmed,"Search budget exhausted; Keelung, Taiwan-headquartered liner, beyond doubt from established knowledge.",confirmed,"Well-established fact: Yang Ming is headquartered in Keelung, Taiwan.",https://en.portnews.ru/news/353665/,Alphaliner #9. HQ country from general knowledge (Keelung).
Heinlein Tramps,ship_agency,Argentina,,https://tramps.heinlein.com.ar,,,verified,confirmed,"Tramps division of Maritima Heinlein S.A., Buenos Aires shipping agency serving Argentine and Uruguayan ports; website tramps.heinlein.com.ar matches.",confirmed,"Tramps division of Maritima Heinlein S.A., Buenos Aires, Argentina; site and email domain heinlein.com.ar match.",https://tramps.heinlein.com.ar/en/node/132,Company page titled 'FONASBA Quality Standard Certification' surfaced in search results; Argentine agency (Centro de Navegacion member country).
ACGI Shipping Inc.,ship_agency,Canada,,https://www.acgi.ca/,,,verified,confirmed,"Vancouver BC based full-service ship agency (Anglo Canadian Shipping, est. 1932), listed by Chamber of Shipping Canada and Multiport.",confirmed,"Active ship agency headquartered in Burnaby, BC, Canada (formed 2009 from Anglo Canadian Shipping group); Canada inference correct.",http://docplayer.net/227892390-Fonasba-quality-standard-approvals-granted-fonasba-member-association.html,"Named in FONASBA Quality Standard approvals-granted document (ASBA section) surfaced in search results; country (Canada) inferred from general knowledge, not the search snippet."
Ian Taylor Chile S.A.,ship_agency,Chile,Valparaiso,https://www.iantaylor.com,,,verified,confirmed,"Search budget exhausted; Ian Taylor is a long-established, well-known Chilean port/ship agency headquartered in Valparaiso per prior knowledge.",confirmed,Ian Taylor is a well-documented long-established Chilean port agency headquartered in Valparaiso with website iantaylor.com; search budget exhausted but identity is unambiguous.,https://www.iantaylor.com/chile/,"Port agency operating from Valparaiso (Blanco 937, Piso 6) for over 57 years; part of diversified Empresas Taylor holding."
Atlantagent,ship_agency,Croatia,,https://www.atlantagent.com/,,,verified,confirmed,"Atlantagent Ltd is an active ship and port agency in Dubrovnik, Croatia serving cruise, navy and yacht calls.",confirmed,"Active Dubrovnik, Croatia shipping and port agency with official site atlantagent.com.",https://www.fonasba.com/fonasba-initiatives/fonasba-quality-standard/accredited-companies/,Named in search-result content among Croatian holders of the FONASBA Quality Standard; first Croatian certificates (9 companies) reported by Ship2Shore (ship2shore.it article 42800).
Bandic Maritime,ship_agency,Croatia,,https://bandic-maritime.com/,,,verified,confirmed,"Split-based Croatian shipping agency, ASBAC member with FONASBA Quality Standard certified by DNV.",confirmed,"Split, Croatia ship/yacht agency and FONASBA Quality Certificate holder; note its own domain bandic-maritime.com currently shows a 'Coming Soon' page.",https://www.fonasba.com/fonasba-initiatives/fonasba-quality-standard/accredited-companies/,Named in search-result content among Croatian holders of the FONASBA Quality Standard.
CMA CGM Croatia,ship_agency,Croatia,,https://www.cma-cgm.com/local/croatia,,,verified,confirmed,"CMA CGM Croatia d.o.o. is the group's local liner agency in Rijeka covering Rijeka, Split, Ploce and Bar.",confirmed,CMA CGM Croatia d.o.o. is an active liner agency office in Rijeka listed on the official cma-cgm.com network pages.,https://www.fonasba.com/fonasba-initiatives/fonasba-quality-standard/accredited-companies/,Named in search-result content among Croatian holders of the FONASBA Quality Standard (local liner agency office).
Dragon Maritime Adria,ship_agency,Croatia,,https://www.dragonmaritime.net/,,,verified,confirmed,"Dragon Maritime Adria d.o.o., Rijeka-based COSCO agent (est. 2009), part of Dragon Maritime Group / Fratelli Cosulich.",confirmed,"Active Rijeka, Croatia shipping agency (COSCO agent, Fratelli Cosulich group) with site dragonmaritime.net.",https://www.fonasba.com/fonasba-initiatives/fonasba-quality-standard/accredited-companies/,Named in search-result content among Croatian holders of the FONASBA Quality Standard.
Jadroagent,ship_agency,Croatia,,https://www.jadroagent.hr/,,,verified,confirmed,"Jadroagent d.d. Rijeka is Croatia's oldest ship agency (est. 1947), FONASBA member with active site jadroagent.hr.",confirmed,"Long-established (1947/1956) Rijeka, Croatia port agency and forwarder with official site jadroagent.hr.",https://www.fonasba.com/fonasba-initiatives/fonasba-quality-standard/accredited-companies/,Named in search-result content among Croatian holders of the FONASBA Quality Standard.
Liburnia Maritime Agency,ship_agency,Croatia,,https://liburniamar.hr/,,,verified,confirmed,"Rijeka-based port agency and project-cargo specialist (est. 2004), FONASBA quality certified.",confirmed,"Active Rijeka, Croatia port/project-cargo agency, explicitly FONASBA quality certified; official site liburniamar.hr.",https://www.fonasba.com/fonasba-initiatives/fonasba-quality-standard/accredited-companies/,Named in search-result content among Croatian holders of the FONASBA Quality Standard.
Svane Shipping A/S,ship_agency,Denmark,,https://www.svaneshipping.dk,,,verified,confirmed,"Danish shipping agency/chartering firm in Kolding (CVR 54638116, est. 1975); website svaneshipping.dk matches.",confirmed,"Kolding, Denmark shipping agent founded 1926; svaneshipping.dk is its site and FONASBA certification is corroborated.",https://www.svaneshipping.dk/CustomerData/Files/Folders/6-pdf/1169_fonasba-quality-certificate-2022.pdf,"FONASBA Quality Standard certificate awarded 15/02/2022, per certificate PDF on company site surfaced in search results."
Holland Hellenic Shipping Agencies,ship_agency,Greece,,https://hollandhellenic.gr,,,verified,confirmed,"Ship agency in Piraeus, Greece (est. 2005), website hollandhellenic.gr matches; country as stated is correct.",confirmed,"Piraeus, Greece ship agency founded 2005; hollandhellenic.gr is its official website.",https://hollandhellenic.gr/news/fonasba-quality-standard/,Company news page: 'Holland Hellenic has been awarded the FONASBA Quality Standard for Ship Brokers and Agents'.
Express Shipping & Logistics (EA) Ltd,ship_agency,Kenya,,,,,verified,confirmed,"Mombasa-based ships agency and logistics provider (est. 2001), member of Kenya Ships Agents Association.",confirmed,"Mombasa, Kenya ship agency and logistics provider founded 2001; KSAA member.",https://www.fonasba.com/wp-content/uploads/2022/07/KENYA-QUALITY-STANDARD-APPLICATIONS-RECORD-JULY-2022.pdf,Named in FONASBA Kenya Quality Standard approvals record surfaced in search results.
Seaforth Shipping (K) Ltd,ship_agency,Kenya,,,,,verified,confirmed,"Seaforth Shipping (Kenya) Ltd, Mombasa ship agency established 1980, GAC partner; website seaforthke.com.",confirmed,"Mombasa, Kenya ship agency founded 1975; KSAA member with active website seaforthke.com.",https://www.fonasba.com/wp-content/uploads/2022/07/KENYA-QUALITY-STANDARD-APPLICATIONS-RECORD-JULY-2022.pdf,Named in FONASBA Kenya Quality Standard approvals record surfaced in search results.
Ian Taylor Peru,ship_agency,Peru,,https://www.empresastaylor.com/,,,verified,confirmed,Ian Taylor's Peru operation in Callao is an active ship agency and appears on FONASBA's FQS approved-companies list.,confirmed,Ian Taylor's Peru operation (Callao) holds FQS certification and appears on FONASBA's approved companies list.,https://www.asba.org/certification-news,Search-result content stated Ian Taylor in Peru achieved FONASBA Quality Standard (FQS) certification; exact originating page ambiguous among results - verify before outreach.
Agencia Maritima Euronave,ship_agency,Portugal,Porto,https://www.euronave.pt/,,,verified,confirmed,Agencia Maritima Euronave (Porto) Lda is an active Portuguese ship agency (COSCO agent) based in Matosinhos/Porto.,confirmed,Active Portuguese ship agency (COSCO agent) based in Matosinhos/Porto with official site euronave.pt.,https://www.fonasba.com/fonasba-initiatives/fonasba-quality-standard/accredited-companies/,Search-result content named Euronave (Porto) among Portuguese companies approved under the FONASBA Quality Standard (AGEPOR member).
"Garland Navegacao, Lda",ship_agency,Portugal,,https://www.garland.pt/,,,verified,confirmed,"Shipping/port-agency arm of Garland group (Lisbon, founded 1776), port agent at all Portuguese ports.",confirmed,"Shipping/port agency division of the long-established Garland group, Lisbon, Portugal; official site garland.pt.",https://www.fonasba.com/fonasba-initiatives/fonasba-quality-standard/accredited-companies/,Search-result content named Garland Navegacao among Portuguese companies approved under the FONASBA Quality Standard.
"Pinto Basto Navegacao, S.A.",ship_agency,Portugal,,https://www.pintobasto.com/,,,verified,confirmed,"Lisbon-based shipping agent of the historic Pinto Basto group, listed on Europages and Sines port directory.",confirmed,Active Lisbon-based ship agency of the historic Pinto Basto group (est. 1771); official site pintobasto.com.,https://www.fonasba.com/fonasba-initiatives/fonasba-quality-standard/accredited-companies/,Search-result content named Pinto Basto Navegacao among Portuguese companies approved under the FONASBA Quality Standard.
Singapore Shipping Corporation Limited (SSAPL),ship_agency,Singapore,Singapore,https://www.singaporeshipping.com.sg/,,,verified,confirmed,Search budget exhausted; SGX-listed Singapore company with shipping agency and terminal operations per prior knowledge.,confirmed,"SGX-listed Singapore Shipping Corporation is well documented with agency/terminal operations, though the SSAPL abbreviation properly refers to its subsidiary Singapore Shipping Agencies Pte Ltd; search budget exhausted.",https://www.singaporeshipping.com.sg/shipping-agency-and-terminal-operations.html,Shipping agency & terminal operations arm; 50+ years experience.
Agencia Maritima Condeminas Cadiz S.A.U.,ship_agency,Spain,Cadiz,,,,verified,confirmed,"Spanish company registries (Axesor, eInforma, D&B) and CadizPort list it as a ship consignee/agency in Cadiz, CIF A11008786.",confirmed,"Registered Cadiz ship consignee/stevedore (CIF A11008786), listed in the Port of Cadiz directory.",https://www.fonasba.com/fonasba-initiatives/fonasba-quality-standard/accredited-companies/,Named in search-result content as appearing on the FONASBA Quality Standard approved companies list.
Agencia Maritima Condeminas Malaga,ship_agency,Spain,Malaga,,,,verified,confirmed,"Listed by Puerto de Malaga and Spanish registries as a ship consignee at Muelle de Canovas, Malaga.",confirmed,"Registered Malaga ship consignee (CIF A29047982), listed in the Port of Malaga company directory.",https://www.fonasba.com/fonasba-initiatives/fonasba-quality-standard/accredited-companies/,Named in search-result content as appearing on the FONASBA Quality Standard approved companies list.
Ership S.A.U.,ship_agency,Spain,Madrid,https://ership.com,,,verified,confirmed,"Spanish shipping/port group headquartered at C/ Lagasca 88, Madrid; services explicitly include ship agency, per its own site and registries.",confirmed,Madrid-based Spanish shipping/port group; ership.com is its official site and lists ship agency among services.,https://ership.com/wp-content/uploads/2024/07/4291_ership_sau_f.pdf,FONASBA Quality Standard certificate (awarded 09/10/2019 per search-result content); certificate PDF hosted on company site.
A. Riza Kinay Vapur Acenteligi ve Tic. A.S.,ship_agency,Turkiye,Istanbul,,,,verified,confirmed,Istanbul-based Kinay group ship agency (est. 1946/1975) with FONASBA Quality Standard approvals in the FONASBA Turkiye record.,confirmed,"Istanbul-based Turkish ship agency (Kinay group, est. 1946) named in the FONASBA Turkiye approvals record.",https://www.fonasba.com/wp-content/uploads/2026/06/FONASBA-QUALITY-STANDARD-APPLICATIONS-RECORD-TURKIYE-2.pdf,"Awarded FONASBA Quality Standard 06/06/2024 (Istanbul) and 21/06/2024 (Izmit office), per FONASBA Turkiye approvals record surfaced in search results."
ID Shipping Agency,ship_agency,Turkiye,,,,,verified,confirmed,"Istanbul-based shipping agency covering Turkish Straits transits, Tuzla/Yalova shipyard agency, per MagicPort and ZoomInfo profiles.",confirmed,Istanbul ship agency; FONASBA Quality Standard approval (07/05/2026) corroborated by FONASBA Turkiye record and 7deniz news item.,https://www.7deniz.net/id-shipping-agencyye-uluslararasi-kalite-onayi,Turkish maritime news item (7deniz) on ID Shipping Agency receiving FONASBA Quality Standard international quality approval.
A.R. Savage & Son LLC,ship_agency,USA,,https://www.arsavage.com/,,,verified,confirmed,"Tampa, Florida ship agency founded 1945, active with own site arsavage.com and multiple directory listings.",confirmed,"Active Tampa, FL ship agency since 1945 with official site arsavage.com.",http://docplayer.net/227892390-Fonasba-quality-standard-approvals-granted-fonasba-member-association.html,Named in FONASBA Quality Standard approvals-granted document (ASBA/USA section) surfaced in search results.
American Shipping and Chartering,ship_agency,USA,,https://www.americanshipping.com/,,,verified,confirmed,"Houston TX port agency founded 1980, ASBA member, active site americanshipping.com.",confirmed,"Active Houston, TX port agency, ASBA and BIMCO member, official site americanshipping.com.",http://docplayer.net/227892390-Fonasba-quality-standard-approvals-granted-fonasba-member-association.html,Named in FONASBA Quality Standard approvals-granted document (ASBA/USA section) surfaced in search results.
Biehl & Company L.P.,ship_agency,USA,,https://www.biehlco.com/,,,verified,confirmed,"Houston-headquartered US Gulf/East Coast ship agency operating since 1905, active site biehlco.com.",confirmed,Active Houston-based ship agency operating since 1905 across US Gulf and East Coast; official site biehlco.com.,http://docplayer.net/227892390-Fonasba-quality-standard-approvals-granted-fonasba-member-association.html,Named in FONASBA Quality Standard approvals-granted document (ASBA/USA section) surfaced in search results.
Blue Water Shipping Company,ship_agency,USA,,,,,verified,confirmed,"US steamship agency (est. 1979, HQ Metairie, Louisiana; offices incl. Houston) serving US ports; distinct from the Danish bws.net firm.",confirmed,"US port agency serving all US ports, listed by ASBA/FONASBA (distinct from the Danish Blue Water Shipping at bws.net).",https://www.fonasba.com/wp-content/uploads/2022/06/ASBA-QUALITY-STANDARD-June-2022.pdf,Named in ASBA (USA) FONASBA Quality Standard approvals record surfaced in search results.
Capes Shipping Agencies,ship_agency,USA,,,,,verified,confirmed,"Ship agency established 1958 in Norfolk, Virginia, USA, covering US East and Gulf Coast ports; subsidiary of CV International.",confirmed,"Norfolk, Virginia ship agency established 1958, subsidiary of CV International, covering US East and Gulf coast ports.",https://www.fonasba.com/wp-content/uploads/2022/06/ASBA-QUALITY-STANDARD-June-2022.pdf,Named in ASBA (USA) FONASBA Quality Standard approvals record surfaced in search results.
Luis A. Ayala Colon Sucrs. Inc.,ship_agency,USA (Puerto Rico),,https://www.ayacol.com/,,,verified,confirmed,"Puerto Rico's largest shipping agency and stevedore (est. 1938), offices in Ponce and San Juan, active site ayacol.com.",confirmed,"Established 1938 shipping agency and stevedore with offices in San Juan and Ponce, Puerto Rico; official site ayacol.com.",http://docplayer.net/227892390-Fonasba-quality-standard-approvals-granted-fonasba-member-association.html,Named in FONASBA Quality Standard approvals-granted document (ASBA section) surfaced in search results; Puerto Rico location per general knowledge.
GAC Group,ship_agency,United Arab Emirates,Dubai,https://www.gac.com/,,,verified,confirmed,Search budget exhausted; GAC is a globally known ship agency and logistics group headquartered in Dubai per prior knowledge.,confirmed,"GAC is one of the world's largest ship agency and logistics groups, headquartered in Dubai with website gac.com; identity is unambiguous despite exhausted search budget.",https://www.gac.com/fujairah/shipping/ship-agency,"Global ship agency (300+ offices, 101,000+ shipping jobs/year); search results showed dedicated ship agency operations in Fujairah, Singapore, Hong Kong/South China, South Korea and South Africa."
Inchcape Shipping Services UK Ltd,ship_agency,United Kingdom,,,,,verified,confirmed,"Active UK company (Companies House no. 00196654, London) providing port/ship agency services.",confirmed,"Active UK-registered ship agency (Companies House 00196654), London headquarters.",https://www.fonasba.com/fonasba-initiatives/fonasba-quality-standard/accredited-companies/,Search-result content stated Inchcape Shipping Services UK Ltd is listed among FONASBA Quality Standard approved companies.
Monson Agencies Australia,agency_network,Australia,Fremantle,https://www.monson.com.au,,,needs_review,plausible,Search quota exhausted; Fremantle-based agency covering all Australian ports matches known facts but unverified in this session.,plausible,Consistent with known Fremantle-based Australian port agency; VertomCory acquisition and site unverified (search budget exhausted).,https://www.monson.com.au/about,Services every Australian port (112+ ports) plus New Zealand and Singapore offices; 40+ years experience; acquired by VertomCory.
GAC Belgium,agency_network,Belgium,Antwerp,https://www.gac.com/belgium,,,needs_review,plausible,"GAC Group's Antwerp ship agency office is well documented in prior knowledge, but live search was impossible (session search quota exhausted).",confirmed,"GAC is a well-known global agency network with an Antwerp, Belgium office and gac.com/belgium country page (known entity; live search unavailable, budget exhausted).",https://www.gac.com/belgium/shipping/ship-agency,"Global agency network; Antwerp office at Noorderlaan 139, 2030 Antwerp; oil & gas, petrochemical, liquid and dry bulk agency."
Wilson Sons Shipping Agency,agency_network,Brazil,,https://wilsonsons.com.br,,,needs_review,plausible,"Search budget exhausted; matches known Wilson Sons, Brazil's oldest/largest maritime services group with a major shipping agency arm, but not independently verified this session.",plausible,Wilson Sons is Brazil's largest independent shipping agency with wilsonsons.com.br; matches known facts but not live-verified.,https://wilsonsons.com.br/en/shipping-agency/,"Largest and most experienced shipping agency in Brazil (largest independent); 18 branches in main Brazilian ports, own office in China; part of Wilson Sons port/maritime logistics group, 180+ years."
AGUNSA (Agencias Universales S.A.),agency_network,Chile,Santiago,https://agunsa.com,,,needs_review,plausible,"Search budget exhausted; matches known Chilean agency/logistics group in Santiago under Grupo Empresas Navieras, but not independently verified this session.",plausible,Chilean agency/logistics group under Grupo Empresas Navieras with agunsa.com matches known facts; not live-verified.,https://agunsa.com/en/about-us,"Chilean shipping agency, port and logistics group; operations across Latin America, North America and Asia in 20+ countries; part of Grupo Empresas Navieras (GEN)."
Ultramar Agencia Maritima (Grupo Ultramar),agency_network,Chile,Santiago,https://www.ultramar.cl,,,needs_review,plausible,"Search budget exhausted; matches known Chilean maritime agency of Grupo Ultramar, Santiago, but not independently verified this session.",plausible,Grupo Ultramar Santiago agency with ultramar.cl matches known facts; live search unavailable.,https://www.ultramar.cl/en/nuestra-historia/,"Part of Grupo Ultramar — 73 years of trajectory, presence in 27 countries through 150+ operating companies; agency coverage of Chilean ports Arica to Puerto Williams and expanding across Latin America."
Penavico (China Ocean Shipping Agency),agency_network,China,Beijing,https://www.penavico.com.cn,,,needs_review,plausible,"Search budget exhausted; matches known state-owned Chinese shipping agency (COSCO family, Beijing, founded 1953), but not independently verified this session.",plausible,"Penavico is a well-known Beijing-based COSCO-family shipping agency with domain penavico.com.cn, but live search was unavailable to confirm.",https://baike.baidu.com/en/item/PENAVICO/666183,"Founded 1953; largest public shipping agency in China; 90+ subsidiaries, 300+ domestic port offices, 8 overseas rep offices; COSCO family; Multiport member for China."
LBH Group,agency_network,Curacao,Willemstad,,,,needs_review,plausible,"Search budget exhausted; LBH is a known bulk-focused port agency group with holding company in Willemstad, Curacao, but Rhenus acquisition and details not independently verified.",plausible,LBH Group's Willemstad/Curacao holding matches known facts; the April 2026 Rhenus acquisition is post-knowledge-cutoff and unverifiable without search.,https://pitchbook.com/profiles/company/180543-70,Port agency and maritime logistics group specializing in dry and liquid bulk commodities; founded 1984 in Rotterdam; acquired by Rhenus Logistics (Germany) in April 2026.
Inchcape Shipping Services Denmark,agency_network,Denmark,Copenhagen,https://www.iss-shipping.com/,,,needs_review,plausible,"Search budget exhausted; ISS is a well-known global agency network with Copenhagen coverage per prior knowledge, not live-verified.",plausible,"Search budget exhausted; ISS is a well-known global network with a Copenhagen office, page not live-verified.",https://www.iss-shipping.com/network/europe-middle-east-and-africa/copenhagen/,Copenhagen office of the global ISS agency network; covers Aarhus and other Danish ports.
Gulf Badr Group,agency_network,Egypt,,,,,needs_review,plausible,Search budget exhausted; company matches a known Egyptian Evergreen agent from prior knowledge but unverified this session.,plausible,"Known Egyptian agency network and Evergreen agent from prior knowledge, but no website given and live verification unavailable.",https://eg.linkedin.com/company/gulf-badr-shipping-agency,"Established 1976; shipping agency network covering Egypt, Libya, Kenya, Tanzania, Uganda, Rwanda, Burundi and Mozambique; sole agent for Evergreen Line in Egypt and East Africa markets."
GAC Finland,agency_network,Finland,,https://www.gac.com/finland,,,needs_review,plausible,"Search budget exhausted; GAC is a well-known global agency network with a Finland office per prior knowledge, but no live search confirmation obtained.",plausible,"Search budget exhausted; GAC is a well-known global agency network with a Finland office, but page not live-verified.",https://www.gac.com/finland/shipping/ship-agency,"Finland arm of GAC, one of world's largest ship agencies (300+ offices, 60,000+ port calls/yr)."
OMA Group,agency_network,Ghana,Accra,https://www.omagroup.com,,,needs_review,plausible,"Search budget exhausted; matches known West African ship agency/logistics group headquartered in Accra, Ghana, but not independently verified this session.",plausible,OMA Group is a known West African ship agency headquartered in Accra; the omagroup.com domain could not be live-verified.,https://www.omagroup.com/about-us/,"Independent West African ship agency and logistics group; companies in Burkina Faso, Benin, Cote d'Ivoire, Ghana, Togo and Senegal with partners in Cameroon, Mauritania, Niger and Nigeria; 30+ years."
Jardine Shipping Services,agency_network,Hong Kong,Hong Kong,,,,needs_review,plausible,"Search budget exhausted; matches known Jardine Matheson agency network across Asia based in Hong Kong, but not independently verified this session.",plausible,Jardine Matheson's Hong Kong shipping-agency arm matches known facts; no website listed and none could be verified with search unavailable.,https://om.shippingazette.com/OM/OM1/JSS.asp,"Member of Jardine Matheson Group; 55+ offices covering nearly 200 ports in Asia (China, Indonesia, Malaysia, Philippines, Singapore, Taiwan, Thailand, Vietnam); Asia-Pacific member of S5 Agency World (S5 Asia)."
J. M. Baxi & Co.,agency_network,India,Mumbai,https://www.jmbaxi.com,,,needs_review,plausible,"Search budget exhausted; matches known Indian shipping agency house founded 1916, Mumbai HQ, but not independently verified this session.",plausible,"J. M. Baxi (Mumbai, founded 1916, jmbaxi.com) is India's leading agency house and matches known facts; not live-verified.",https://www.jmbaxi.com/j-m-baxi-co.html,"Founded 1916; largest shipping agency house in India; 4,000+ vessels per annum at all major and minor Indian ports; handles ~95% of cruise and naval calls in India."
Multiport Ship Agencies Network,agency_network,Netherlands,Rotterdam,https://www.multiport.org,,,needs_review,plausible,Search quota exhausted; Rotterdam-founded independent ship agents network (est. 1978) matches known facts but unverified in this session.,plausible,Consistent with known Rotterdam-founded independent agents network at multiport.org; live verification unavailable.,https://www.multiport.org/about-us/,"World's largest/oldest network of independent ship agents, founded 1978 in Rotterdam; 130+ countries, 1,800+ ports, ~138,000 calls annually; one vetted member per country; not-for-profit association."
VertomCory,agency_network,Netherlands,Rotterdam,https://vertomcory.com,,,needs_review,plausible,"Search budget exhausted; consistent with known Vertom/Cory Brothers agency joint venture in Rotterdam, but not independently verified this session.",plausible,"Vertom-Cory Rotterdam JV matches known facts and vertomcory.com is consistent, but could not be live-verified (search budget exhausted).",https://vertomcory.com/about-vertomcory/,"JV of Vertom Agencies (Rotterdam) and Cory Brothers Shipping Agency (Ipswich, UK, est. 1845); one of the largest shipping agencies in Europe; expanded into Asia-Pacific via Monson and Meridian acquisitions."
Wilhelmsen Port Services,agency_network,Norway,Oslo,https://www.wilhelmsen.com,,,needs_review,plausible,"Search quota exhausted; Wilhelmsen's ships agency arm (Norway, ~2,200 port locations) matches known facts but was not independently verified here.",plausible,Consistent with known Wilhelmsen group (Norway) ships agency arm at wilhelmsen.com; live verification unavailable.,https://www.wilhelmsen.com/port-services/ships-agency/,"Wilhelmsen group's ships agency arm; full/husbandry/protective agency in 2,200 port locations; over one million port calls delivered historically."
Wilhelmsen Port Services Norway AS,agency_network,Norway,Lysaker,https://www.wilhelmsen.com/,,,needs_review,confirmed,"Wilhelmsen is a major global ships-agency network headquartered in Lysaker, Norway; identity certain from prior knowledge despite exhausted search budget.",plausible,"Wilhelmsen is a well-known global port agency group headquartered in Lysaker, Norway; consistent with prior knowledge but unverifiable this session (search budget exhausted).",https://www.wilhelmsen.com/contacts-locations/locations/europe/norway/ports/oslo/,Norway arm of Wilhelmsen global port services/agency network; office in Lysaker near Oslo.
Kanoo Shipping,agency_network,Saudi Arabia,Dammam,https://www.kanooshipping.com,,,needs_review,plausible,"Search quota exhausted; Kanoo Shipping (YBA Kanoo group, Middle East) matches known facts but was not independently verified; note parent group is Bahrain/Saudi based.",plausible,"Consistent with known YBA Kanoo shipping division (Dammam/Bahrain, kanooshipping.com); live verification unavailable.",https://www.kanooshipping.com/,"Largest regional shipping agency in the Middle East; ~20,000 port calls per annum; network from Suez across Middle East to Indian Subcontinent and South Africa; division of Yusuf Bin Ahmed Kanoo group; first agency in the Gulf (1911)."
Ben Line Agencies,agency_network,Singapore,Singapore,,,,needs_review,plausible,Search quota exhausted; Singapore-headquartered Asia-Pacific agency group matches known facts but no search evidence retrieved this session.,plausible,Matches known Singapore-headquartered Asia-Pacific agency group; live search verification unavailable.,https://en.wikipedia.org/wiki/Ben_Line_Agencies,"Asia-Pacific focused ship agency group; 130+ offices in 18 countries; liner agency, marine agency, offshore support; heritage dating to 1825."
Sturrock Grindrod Maritime (SGM),agency_network,South Africa,Durban,https://sturrockgrindrod.com,,,needs_review,plausible,Search quota exhausted; Durban-based Grindrod ship agency arm matches known facts but unverified in this session.,plausible,Consistent with known Grindrod-linked Durban agency; live search verification unavailable this session.,https://sturrockgrindrod.com/who-we-are/,"Part of JSE-listed Grindrod Limited; ship agency, logistics and maritime technical services along Indian Ocean trade routes — Africa, Middle East, Southeast Asia, Australian coastline."
GAC Spain,agency_network,Spain,Algeciras,https://www.gac.com/spain,,,needs_review,plausible,"GAC's Algeciras hub for ship agency and bunkers is well documented in prior knowledge, but live search was impossible (quota exhausted).",confirmed,GAC Spain with its Algeciras ship agency and bunker base is a well-documented part of the global GAC network; gac.com/spain page pattern correct (known entity; live search unavailable).,https://www.gac.com/spain/shipping/ship-agency,"Ship agency, bunker fuels and ship spares logistics from its Algeciras base; part of global GAC network."
GAC Sweden,agency_network,Sweden,Gothenburg,https://www.gac.com/sweden,,,needs_review,plausible,"Search budget exhausted; GAC Sweden in Gothenburg matches prior knowledge of the global GAC network, but no live search confirmation obtained.",plausible,"Search budget exhausted; GAC Sweden in Gothenburg is a known GAC network office, page not live-verified.",https://www.gac.com/sweden/shipping/ship-agency,"Vingalandsgatan 8, Gothenburg; 24/7 agency for containers, bulk, ro-ro, tankers, cruise."
GAC Group (Gulf Agency Company),agency_network,United Arab Emirates,Dubai (Jebel Ali Free Zone),https://www.gac.com,,,needs_review,plausible,"Search quota exhausted; GAC is a well-known Dubai-headquartered global ship agency matching the description, but no search evidence was retrieved in this session.",plausible,"Matches well-established facts (Dubai-based global ship agency, gac.com), but live search verification unavailable this session.",https://www.gac.com/shipping/ship-agency,"One of the world's largest ship agency and hub agency providers; global network of 300 owned offices, 3,500+ customers, 100,000+ jobs annually; founded 1956."
Sharaf Shipping Agency,agency_network,United Arab Emirates,Dubai,https://www.sharafshipping.com,,,needs_review,plausible,Search quota exhausted; Dubai-based Sharaf Shipping matches known facts but no independent search evidence was retrieved this session.,plausible,Consistent with known Dubai-based Sharaf Group shipping arm; live search verification unavailable.,https://www.sharafshipping.com/,"Founded 1976; described as largest shipping house in the Middle East region; owned offices across Middle East and Africa (UAE, Oman, Qatar, Bahrain, Saudi, Iraq, East/Southern Africa); 1,000+ staff."
WaterFront Maritime Services,agency_network,United Arab Emirates,Dubai,https://www.waterfront-ms.com,,,needs_review,plausible,Search budget exhausted before any query ran; known Sharaf/Ben Line JV from prior knowledge but not independently verified this session.,plausible,"Matches known 2019 Sharaf/Ben Line JV launched in Dubai, but live check impossible (search budget exhausted, direct web blocked).",https://www.themaritimestandard.com/new-ship-agency-launched/,"Global ship agency network jointly owned by Sharaf Shipping Agency and Ben Line Agencies; 500+ offices across 90+ countries; operations centres in Houston, Panama, Dubai, Rotterdam, Chennai, Shanghai."
Clarksons Port Services,agency_network,United Kingdom,Southampton,https://www.clarksons.com,,,needs_review,plausible,"Clarksons' port agency arm is well established per prior knowledge, but live confirmation impossible (search quota exhausted).",confirmed,Clarksons Port Services is the well-known port agency arm of Clarksons PLC with UK offices including Southampton; clarksons.com is correct (known entity; live search unavailable).,https://www.clarksons.com/port-services/port-agency/,"Global shipping agency arm of Clarksons; integrated marine logistics for all vessel types, offices incl. Southampton."
Cory Brothers Shipping Agency,agency_network,United Kingdom,Ipswich,https://corybrothers.com,,,needs_review,plausible,"Search budget exhausted; matches known UK ship agency founded 1845, formerly Braemar-owned, Ipswich HQ, but not independently verified this session.",plausible,"Ipswich-based Cory Brothers (est. 1845, ex-Braemar, now VertomCory) matches known facts; corybrothers.com not live-verified.",https://corybrothers.com/about-us/,"Founded 1845; branch offices across UK plus Rotterdam/Rhoon, Houston and New Jersey; ships agency and hub agency operated via parent VertomCory; formerly owned by Braemar."
Denholm Port Services,agency_network,United Kingdom,Glasgow,https://www.denholm-portservices.com,,,needs_review,plausible,"Search budget exhausted; matches known Denholm UK ship agency (Glasgow, J&J Denholm/Wilhelmsen JV), but not independently verified this session.",plausible,Glasgow-based Denholm/Wilhelmsen ship agency JV matches known facts; denholm-portservices.com not live-verified.,https://www.denholm-portservices.com/services/ship-agency/,One of the UK's leading ship agencies; 13 offices covering all UK mainland ports plus Shetland and Orkney; JV between Denholm Logistics Group (J&J Denholm) and Wilh. Wilhelmsen Holding Invest.
Graypen Group,agency_network,United Kingdom,Immingham,https://www.graypen.com,,,needs_review,plausible,"Search budget exhausted; matches known UK tanker port agency established 1969 with Immingham base, but not independently verified this session.",plausible,"Immingham-based tanker port agency (est. 1969, graypen.com) matches known facts; not live-verified.",https://www.graypen.com/about-us.html,"Independent tanker port agency established 1969; 20+ office locations covering all major tanker ports/terminals in UK and ARA; also hub agency, STS, LNG, husbandry."
Inchcape Shipping Services (ISS),agency_network,United Kingdom,London,https://www.iss-shipping.com,,,needs_review,plausible,"Search quota exhausted; ISS is a well-known UK-based global port agency matching the description, but not independently verified in this session.",plausible,"Matches well-established facts (UK-headquartered global agency, iss-shipping.com), but live search verification unavailable.",https://www.iss-shipping.com/network/europe-middle-east-and-africa/london-international-headquarters/,"British multinational ports and marine management company; 240+ proprietary offices across 60 countries, operations in 158 locations worldwide."
S5 Agency World,agency_network,United Kingdom,London,https://s5agencyworld.com,,,needs_review,plausible,Search quota exhausted; London-based global port agency founded 2004 matches known facts but unverified in this session.,plausible,Consistent with known London-based global port agency at s5agencyworld.com; live verification unavailable.,https://s5agencyworld.com/,"Global port agency founded 2004; services through 360+ port offices; hubs in Rotterdam and Singapore; HQ Beaufort Court, Admirals Way, London E14 9XL."
General Steamship Agencies (Gensteam),agency_network,United States,"Mill Valley, California",https://www.gensteam.com,,,needs_review,plausible,"Search budget exhausted; matches known US West Coast agency founded 1921 with Mill Valley, CA HQ, but not independently verified this session.",plausible,"Gensteam (founded 1921, gensteam.com, Bay Area HQ) matches known facts; not live-verified.",https://www.gensteam.com/about-us.html,"Founded 1921; 20 offices, 135+ staff across North America; family includes General Steamship Corp. (lower 48), Wheelhouse Shipping Agency (Western Canada) and Alaska Maritime Agencies."
Moran Shipping Agencies,agency_network,United States,"Providence, Rhode Island",https://www.moranshipping.com,,,needs_review,plausible,"Search budget exhausted; consistent with prior knowledge of a large independent US steamship agency HQ'd in Providence, RI, but not independently verified this session.",plausible,"Matches known facts (Providence RI independent steamship agency, moranshipping.com) but live search budget was exhausted so could not be independently confirmed.",https://www.moranshipping.com/company,"Largest independent steamship agency in North America; 5,000+ port calls/year; 20 offices serving 100+ North American ports; founded 1937."
Norton Lilly International,agency_network,United States,"Mobile, Alabama",,,,needs_review,plausible,"Search quota exhausted; Norton Lilly (founded 1841, HQ Mobile, Alabama) matches known facts but no independent search evidence was retrieved this session.",plausible,"Matches known facts (oldest US ship agency, HQ Mobile, Alabama); live search verification unavailable this session.",https://en.wikipedia.org/wiki/Norton_Lilly_International,"Founded 1841 — oldest shipping agency in the United States; vessel clearance, cargo/customs documentation, vessel logistics across US ports."
T. Parker Host,agency_network,United States,"Norfolk, Virginia",https://www.tparkerhost.com,,,needs_review,plausible,"Search budget exhausted; matches known Norfolk, VA ship agency and stevedoring firm established 1923, but not independently verified this session.",plausible,Norfolk VA ship agency founded 1923 with tparkerhost.com matches known facts; live verification unavailable.,https://www.tparkerhost.com/who-we-are/,"Established 1923; ship agency, stevedoring and terminal operations; East Coast HQ Norfolk VA and Gulf Coast HQ Avondale LA; offices in 11 US states plus Colombia."
Antong Holdings (QASC),liner_operator,China,,,,,needs_review,plausible,"Search budget exhausted; consistent with knowledge of Chinese domestic container carrier (Quanzhou Ansheng Shipping), but not independently verified.",plausible,"Matches known Quanzhou Ansheng Shipping, China's major domestic container carrier; search budget exhausted, no live confirmation.",https://market-insights.upply.com/en/pil-and-wan-hai-knock-on-the-door-of-the-container-shipping-top-10,Alphaliner #20; established 1998; China's largest domestic container shipping company per search result.
Zhonggu Logistics,liner_operator,China,Shanghai,,,,needs_review,plausible,"Search budget exhausted; consistent with knowledge of Shanghai-based Chinese domestic/coastal container specialist, but not independently verified.",plausible,"Matches known Shanghai-listed domestic/coastal container operator; search budget exhausted, no live confirmation.",https://market-insights.upply.com/en/pil-and-wan-hai-knock-on-the-door-of-the-container-shipping-top-10,"Alphaliner #18; ~65 ships, 150,000+ containers, 100+ trade routes; search result stated based in Shanghai; China domestic/coastal specialist."
Unifeeder,liner_operator,Denmark,,https://www.unifeeder.com,,,needs_review,plausible,"Search budget exhausted; consistent with knowledge of Aarhus, Denmark feeder/shortsea group (DP World-owned), but not independently verified.",plausible,"Matches known Aarhus, Denmark feeder group owned by DP World (unifeeder.com); search budget exhausted, no live confirmation.",https://en.portnews.ru/news/382977/,"Alphaliner #15; feeder/shortsea group incl. Unimed Feeder Services, Feedertech, Shreyas Shipping, Transworld Feeders; capacity +9%. HQ country (Aarhus) from general knowledge."
SITC International Holdings,liner_operator,"Hong Kong SAR, China",Hong Kong,https://www.sitc.com,,,needs_review,plausible,"Search budget exhausted; consistent with knowledge of Hong Kong-based intra-Asia liner with website sitc.com, but not independently verified.",plausible,"Hong Kong HQ and sitc.com website match known intra-Asia liner; search budget exhausted, site not live-checked.",https://www.sitc.com/en/list.asp?classid=38,"Leading intra-Asia liner; search result stated HQ Hong Kong; 119 vessels, 76 routes, 82 ports across Asia (as of Dec 2025). Ranked in Alphaliner 11-20 band."
IRISL Group (Islamic Republic of Iran Shipping Lines),liner_operator,Iran,,,,,needs_review,plausible,"Search budget exhausted; consistent with knowledge of Tehran-based Iranian national carrier under sanctions exposure, but not independently verified.",plausible,"Matches known Tehran-based state carrier under sanctions as noted; search budget exhausted, no live confirmation.",https://en.portnews.ru/news/353665/,Named in search-result content among Alphaliner ranks 11-20. HQ country from general knowledge (Tehran). Sanctions exposure - likely exclude from commercial outreach.
Grimaldi Group,liner_operator,Italy,Naples,https://www.grimaldi.napoli.it,,,needs_review,plausible,"Search budget exhausted; consistent with knowledge of Naples, Italy-based ro-ro/container group (ACL, Finnlines), but not independently verified.",plausible,"Matches known Naples, Italy ro-ro/container group incl. ACL and Finnlines (grimaldi.napoli.it); search budget exhausted.",https://sangrupo.com/top-100-largest-container-liner-operators/,Listed in Alphaliner top-100 content as Grimaldi (Napoli); group includes Atlantic Container Line and Finnlines; ro-ro/container operator.
Pacific International Lines (PIL),liner_operator,Singapore,Singapore,https://www.pilship.com,,,needs_review,plausible,"Search budget exhausted; consistent with knowledge of Singapore-headquartered container line, but not independently verified by search.",plausible,"Matches known Singapore-headquartered carrier (pilship.com); search budget exhausted, no live confirmation.",https://market-insights.upply.com/en/pil-and-wan-hai-knock-on-the-door-of-the-container-shipping-top-10,Alphaliner #12; container shipping and supply chain services; search result stated HQ Singapore.
Swire Shipping,liner_operator,Singapore,,https://www.swireshipping.com/,,,needs_review,plausible,"Matches known facts (Singapore-HQ liner operator in the Swire group, owns Westwood and Pacifica), but search budget was exhausted so no live verification was possible.",plausible,"Singapore-HQ liner operator (ex-China Navigation Co, owns Westwood) matches known facts, but search budget was exhausted so no independent web confirmation; official site is swireshipping.com.",https://sangrupo.com/top-100-largest-container-liner-operators/,Listed in Alphaliner top-100 content; group includes Westwood Shipping and Pacifica Shipping; Pacific/Oceania regional liner. HQ country (Singapore) from general knowledge.
X-Press Feeders,liner_operator,Singapore,,https://www.x-pressfeeders.com,,,needs_review,plausible,"Search budget exhausted; consistent with knowledge of Singapore-based independent common feeder operator, but not independently verified.",plausible,"Matches known Singapore-based independent feeder operator (x-pressfeeders.com); search budget exhausted, no live confirmation.",https://en.portnews.ru/news/382977/,Alphaliner #13; largest independent common feeder operator; operated capacity up 13% since Sep 2024. HQ Singapore per general knowledge (Wikipedia entry appeared in results).
KMTC (Korea Marine Transport Co.),liner_operator,South Korea,Seoul,https://www.kmtc.co.kr,,,needs_review,plausible,"Search budget exhausted; consistent with knowledge of Seoul-based intra-Asia carrier founded 1954, but not independently verified.",plausible,"Matches known Seoul-based intra-Asia carrier founded 1954 (kmtc.co.kr); search budget exhausted, no live confirmation.",https://www.leghorngroup.com/the-20-largest-container-shipping-companies-in-the-world/,"Established 1954, based in Seoul per search result; ~50 ships / 99,000 TEU; intra-Asia and India/Africa services. Appears in Alphaliner top-20 band."
Sinokor Merchant Marine,liner_operator,South Korea,,https://www.sinokor.co.kr,,,needs_review,plausible,"Search budget exhausted; consistent with knowledge of South Korean intra-Asia carrier (sinokor.co.kr, Heung-A group), but not independently verified.",plausible,"South Korea HQ and sinokor.co.kr website match known company (Heung-A merged into group); search budget exhausted, site not live-checked.",https://www.sinokor.co.kr/en/,Founded 1981 in South Korea per search result; intra-Asia container services; group includes Heung-A Line; tracked in Alphaliner top-100 feeder segment.
TS Lines,liner_operator,Taiwan,,https://www.tslines.com,,,needs_review,plausible,"Search budget exhausted; consistent with knowledge of Taipei-based intra-Asia operator with Hong Kong incorporation, but not independently verified.",plausible,"Matches known Taipei-based intra-Asia carrier with Hong Kong incorporation (tslines.com), still active; search budget exhausted.",https://en.portnews.ru/news/353665/,"Named in search-result content as a major intra-Asia operator tracked in Alphaliner rankings. HQ (Taipei, Taiwan) from general knowledge - not confirmed in search snippet; company also has Hong Kong incorporation."
Wan Hai Lines,liner_operator,Taiwan,Taipei,https://www.wanhai.com,,,needs_review,plausible,"Search budget exhausted; consistent with knowledge of Taipei-based Taiwanese container carrier, but no independent search verification possible.",plausible,"Matches known Taipei-based Taiwanese container carrier (wanhai.com), but search budget exhausted so no live confirmation.",https://www.ad-hoc-news.de/boerse/news/ueberblick/wan-hai-lines-ltd-stock-tw0002615002-taiwan-container-carrier-ranks/69313200,"Alphaliner #11 with 591,132 TEU; described in search result as Taipei City-based container logistics company."
Regional Container Lines (RCL),liner_operator,Thailand,,https://www.rclgroup.com,,,needs_review,plausible,"Search budget exhausted; consistent with knowledge of Bangkok, Thailand-based intra-Asia feeder/liner operator, but not independently verified.",plausible,"Matches known Bangkok, Thailand intra-Asia carrier (rclgroup.com); search budget exhausted, no live confirmation.",https://stusupplychain.com/2026-global-container-liner-capacity-review.html,"Alphaliner #21 (Apr 2026) with 101,908 TEU; intra-Asia feeder/liner; newbuild orders at Huangpu Wenchong. HQ country (Bangkok) from general knowledge."
Arkas Line,liner_operator,Turkey,,https://www.arkasline.com.tr,,,needs_review,plausible,"Search budget exhausted; consistent with knowledge of Izmir, Turkey-based Mediterranean regional carrier, but not independently verified.",plausible,"Matches known Izmir, Turkey Mediterranean carrier (Arkas Holding); search budget exhausted; 2016-era ranking in notes is stale.",https://arslog.by/wp-content/uploads/2016/08/Top_100_figures.pdf,"Mediterranean regional carrier; ranked #24 with 77,134 TEU in 2016 Alphaliner data seen in results (position may have shifted). HQ country (Izmir) from general knowledge."
Emirates Shipping Line,liner_operator,United Arab Emirates,,,,,needs_review,plausible,"Search budget exhausted; consistent with knowledge of Dubai, UAE-based container line, but not independently verified.",plausible,"Matches known Dubai, UAE-based carrier; search budget exhausted, no live confirmation of current status.",https://stusupplychain.com/2026-global-container-liner-capacity-review.html,"Alphaliner #22 with 98,114 TEU per search result. HQ country (Dubai) from general knowledge - not stated in snippet."
Matson,liner_operator,United States,,https://www.matson.com/,,,needs_review,plausible,"Matches known facts (Honolulu-based US Jones Act container carrier), but search budget was exhausted so no live verification was possible.",plausible,"Honolulu-based US Jones Act carrier matches known facts (site matson.com), but could not be independently searched due to exhausted search budget.",https://stusupplychain.com/2026-global-container-liner-capacity-review.html,"Alphaliner #30 with 69,227 TEU per search result; Pacific/Jones Act trades. HQ country (Honolulu, Hawaii) from general knowledge."
AGZ Port Services,ship_agency,Belgium,Antwerp,https://agzportservices.com,,,needs_review,plausible,Plausible independent Antwerp shipping agency but not independently verifiable: web-search budget exhausted.,plausible,Could not verify: web search budget exhausted; details internally consistent but no independent evidence gathered.,https://agzportservices.com/,Independent shipping agency based in Antwerp.
Belgo-Iberian Maritime NV,ship_agency,Belgium,Antwerp,https://www.belgo.be,,,needs_review,plausible,"Matches my recollection of an independent Antwerp port agent (belgo.be), but could not verify live: web-search budget exhausted.",plausible,Belgo-Iberian Maritime is a known independent Antwerp port agent per prior knowledge; search budget exhausted so not independently confirmed.,https://www.belgo.be/,"Independent port agent in Antwerp serving owners and charterers, 24/7 availability."
Boeckmans,ship_agency,Belgium,Antwerp,https://boeckmans.be,,,needs_review,confirmed,Boeckmans (Belgie NV) is a long-established Antwerp ship agent and liner operator per prior knowledge; live search unavailable.,plausible,Boeckmans is a known long-established Antwerp ship agent (boeckmans.be) per prior knowledge; search budget exhausted so not independently confirmed.,https://boeckmans.be/,90 years experience as ship agent and port agent in Antwerp.
Promar Agencies,ship_agency,Belgium,Antwerp,https://www.promar-agencies.be,,,needs_review,plausible,"Consistent with a known Antwerp ship agent (Promar), but could not verify live: web-search budget exhausted.",plausible,Could not verify: web search budget exhausted; details internally consistent but no independent evidence gathered.,https://www.promar-agencies.be/,"Ship agent serving many shipowners and operators, office in Antwerp."
Ship-Shape,ship_agency,Belgium,Antwerp,https://ship-shape.be,,,needs_review,plausible,Plausible Antwerp shipping agent/shipbroker but not independently verifiable: web-search budget exhausted.,plausible,"Could not verify: web search budget exhausted; weak prior recollection of this Antwerp agent, no independent evidence gathered.",https://ship-shape.be/en/services/,Shipping agent and shipbroker at Port of Antwerp; also operates in Ghent and Zeebrugge.
VLS Antwerp NV,ship_agency,Belgium,Antwerp,https://vls-antwerp.be,,,needs_review,plausible,Plausible Antwerp port agency but not independently verifiable: web-search budget exhausted.,plausible,Could not verify: web search budget exhausted; no independent evidence gathered for this Antwerp agency.,https://vls-antwerp.be/port-agency/,Agency department in Antwerp with offices throughout Belgium; dry bulk and liquids expertise.
Amart Shipping,ship_agency,Brazil,,https://amartshipping.com,,,needs_review,confirmed,"Search results confirm AMART, a Brazilian ship agency (founded 1996, offices in Santos, Paranagua etc.) with FONASBA/FENAMAR membership and website amartshipping.com.",plausible,"No independent check possible (search budget exhausted); no contradicting evidence, row rests on its own source URL.",https://amartshipping.com/en/certifications/fonasba,Company certifications page for FONASBA; certification administered via FENAMAR (Brazilian national association) per search-result content.
Unimar Agenciamentos Maritimos Ltda.,ship_agency,Brazil,Santos,,,,needs_review,plausible,"Consistent with a known independent Santos-based agency; only source is LinkedIn and search budget exhausted, so unverified.",plausible,"Search budget exhausted; a Santos-based Unimar agency is consistent with background knowledge, but not live-verified.",https://www.linkedin.com/company/unimar-maritime-agency-ltda,"Independent agency founded 1995; HQ Santos with branches in Sao Luis, Recife, Salvador, Rio de Janeiro, Paranagua, Itajai, Rio Grande and others."
Williams Servicos Maritimos Ltda.,ship_agency,Brazil,Santos,https://williams.com.br,,,needs_review,plausible,"Matches the long-established Brazilian agency Williams (19th-century founding), but search budget exhausted; not independently verified.",plausible,"Search budget exhausted; a historic Williams agency in Brazil is consistent with background knowledge, but website ownership not live-verified.",https://williams.com.br/,Shipping agency serving all Brazilian ports since 1880; offices in main Brazilian ports; Santos office listed in Oceanjoin directory.
Wilson Sons Agencia Maritima Ltda,ship_agency,Brazil,Rio de Janeiro,https://wilsonsons.com.br,,,needs_review,plausible,"Matches Wilson Sons, a major listed Brazilian maritime group with a large shipping-agency arm, but search budget exhausted; not independently verified.",plausible,"Search budget exhausted; Wilson Sons is Brazil's best-known shipping agency (wilsonsons.com.br) per background knowledge, but not live-verified.",https://wilsonsons.com.br/en/shipping-agency/about-shipping-agency/,"Largest shipping agency in Brazil, 18 branches in main Brazilian ports; group founded 1837; Santos office at Av. Ana Costa 291."
Colley West Shipping Ltd.,ship_agency,Canada,Vancouver,https://www.colleywest.bc.ca,,,needs_review,plausible,"Consistent with a known Vancouver ship agency, but search budget exhausted; unverified.",plausible,"Search budget exhausted; a Vancouver-area Colley West agency is consistent with background knowledge, but website and status not live-verified.",https://www.colleywest.bc.ca/,Vancouver-based agency serving local and international marine clientele since 1993.
Montship Inc.,ship_agency,Canada,Montreal,https://www.montship.ca,,,needs_review,plausible,"Matches known Montreal shipping agency (montship.ca), but search budget exhausted; not independently verified.",plausible,"Search budget exhausted; Montship of Montreal at montship.ca is a known Canadian agency per background knowledge, but not live-verified.",https://www.montship.ca/,Founded 1925; largest shipping agency in Canada; non-equity JV with Norton Lilly and Robert Reford since 2010.
Navitrans Shipping Agencies,ship_agency,Canada,Montreal,,,,needs_review,plausible,"Consistent with a Montreal-based agency of this name per prior knowledge; only source is a directory listing and search budget exhausted, so unverified.",plausible,Search budget exhausted; only a directory listing supports it and no live verification was possible.,https://maritime-database.com/company/213697,Ship agency operating in Montreal per maritime directory listing.
Robert Reford,ship_agency,Canada,Montreal,https://robertreford.com,,,needs_review,plausible,"Matches known 1866-founded Canadian ship agency, but search budget exhausted; not independently verified.",plausible,"Search budget exhausted; Robert Reford (est. 1866, Montreal) is a known Canadian agency per background knowledge, but not live-verified.",https://robertreford.com/,"Canada's oldest ship agency, founded 1866; offices in Montreal, Halifax, Lake Ontario and Vancouver."
Agencia Maritima Ultramar Ltda.,ship_agency,Chile,Valparaiso,http://www.umar.cl,,,needs_review,confirmed,"Search budget exhausted; Ultramar is a well-known Chilean ship agency group based in Valparaiso per prior knowledge, though the umar.cl domain could not be checked (group site is ultramar.cl).",plausible,"Ultramar is a well-known Chilean maritime group with agency operations in Valparaiso, but the umar.cl domain could not be verified (web search budget exhausted).",https://maritime-database.com/company/35120,"Listed at Cochrane 813, piso 8, Valparaiso; part of Ultramar group, whose network includes C.B. Fenton in Panama."
Agencias Maritimas Agental Ltda.,ship_agency,Chile,Santiago,,,,needs_review,plausible,Search budget exhausted; consistent with Chilean ship-agent directories but could not be independently verified.,plausible,"Agental is known as a Chilean ship agency, but no independent verification possible (web search budget exhausted) and no website given to check.",https://magicport.ai/ship-agents/chile/agencias-maritimas-agental-ltda-santiago,Chilean ship agent listed in MagicPort ship-agent directory.
"China Ocean Shipping Agency Co., Ltd. (PENAVICO)",ship_agency,China,Beijing,http://www.penavico.com.cn/,,,needs_review,plausible,"Well-known real COSCO Shipping agency subsidiary headquartered in Beijing per prior knowledge, but live search confirmation was impossible (budget exhausted).",confirmed,Well-known COSCO Shipping subsidiary headquartered in Beijing; matches description from established knowledge though live search was unavailable.,http://en.cosco.com/art/2013/1/31/art_787_21.html,"COSCO Shipping subsidiary; HQ Beijing with 80+ domestic port offices and 300+ business stations; agency for bulk, general cargo, tankers and container liners across mainland China."
Transagent,ship_agency,Croatia,,,,,needs_review,confirmed,"Search results show TRANSAGENT Ltd, a shipping/port agency headquartered in Rijeka, Croatia (founded 1964), matching the FONASBA-listed Croatian agent.",plausible,"Transagent is a known ship agency in Rijeka, Croatia, but live verification was impossible: session web-search budget exhausted.",https://www.fonasba.com/fonasba-initiatives/fonasba-quality-standard/accredited-companies/,Named in search-result content among Croatian holders of the FONASBA Quality Standard.
Falcon Maritime Group,ship_agency,Denmark,Copenhagen,,,,needs_review,plausible,Search budget exhausted; only source is a directory listing and no verification possible this session — needs re-check.,plausible,"Search budget exhausted; no independent recollection of this firm, only directory-sourced, unverified.",https://www.goodfirms.co/supply-chain-logistics-companies/shipping/copenhagen,Offices located centrally in the Freeport of Copenhagen.
Hecksher,ship_agency,Denmark,,,,,needs_review,plausible,"Search budget exhausted; Hecksher is a known long-established Danish shipping/agency firm per prior knowledge, details not live-verified.",plausible,"Search budget exhausted; Hecksher is a long-established Danish shipping/agency group, but claim and contacts unverified.",https://www.goodfirms.co/supply-chain-logistics-companies/shipping/copenhagen,"Denmark's oldest shipping company, 221+ years; modern shipping/agency solutions."
Niels Winther Shipping,ship_agency,Denmark,Copenhagen,,,,needs_review,plausible,"Search budget exhausted; Niels Winther & Co is a known Danish shipping agency per prior knowledge, details not live-verified.",plausible,"Search budget exhausted; Niels Winther & Co is a known Danish agency, details unverified live.",https://www.goodfirms.co/supply-chain-logistics-companies/shipping/copenhagen,Locations in both Copenhagen and Aarhus.
Schultz Shipping,ship_agency,Denmark,Kalundborg,,,,needs_review,plausible,Search budget exhausted; only source is a directory listing and no verification possible this session — needs re-check.,plausible,"Search budget exhausted; Schultz Shipping A/S of Kalundborg is known from prior knowledge, unverified live.",https://www.goodfirms.co/supply-chain-logistics-companies/shipping/copenhagen,Headquartered in Kalundborg with offices in Copenhagen and other strategic locations.
Egyptian International Shipping Agencies & Services (EISAS),ship_agency,Egypt,,https://eisas.com.eg/,,,needs_review,plausible,Known Egyptian Suez Canal transit agent per prior knowledge; live search unavailable (budget exhausted).,plausible,"Known as a Suez Canal transit agent brand, but details unverifiable — search budget exhausted.",https://eisas.com.eg/why-egyptian-international-shipping-agencies-services-is-the-1-suez-canal-transit-agent-in-egypt/,Positions itself as Egypt's leading Suez Canal transit agent; decades of experience.
Intership (Intership Egypt),ship_agency,Egypt,Port Said,https://www.intershipegypt.com/,,,needs_review,plausible,Port Said Suez Canal agent matches prior knowledge; live search unavailable (budget exhausted).,plausible,"Recalled as a long-standing Port Said Suez Canal agent, but unverifiable — search budget exhausted.",https://www.intershipegypt.com/,"Suez Canal agent, port agent and ship supplier since 1976; Port Said, Alexandria, Suez & Red Sea ports."
Kadmar Shipping,ship_agency,Egypt,Alexandria,https://kadmar.com/,,,needs_review,plausible,Kadmar Group is a known Alexandria-based Egyptian shipping agency per prior knowledge; live search unavailable (budget exhausted).,confirmed,"Kadmar Group is a well-established Alexandria-based Egyptian shipping agency; kadmar.com matches (prior knowledge, search unavailable).",https://kadmar.com/services/suez-canal-transit/,"16 offices across 7 cities: Alexandria, Giza, Cairo, Damietta, Port Said, Suez, Safaga, Sokhna; Suez Canal transit services."
Mitchell JR,ship_agency,Egypt,,https://mitchelljr.com/,,,needs_review,plausible,Weak prior knowledge of this Egyptian agency; could not verify because session search budget was exhausted.,plausible,"Unfamiliar name, possibly garbled; could not verify — search budget exhausted.",https://mitchelljr.com/service-category/suez-canal-transit-port-agency-egypt/,Ship agent in Egypt; port agency and Suez Canal transit services.
SeaBird Marine Services,ship_agency,Egypt,Port Said,https://seabird-marine.com/,,,needs_review,plausible,Port Said Suez Canal agent/chandler matches prior knowledge; live search unavailable (budget exhausted).,plausible,"Recalled as a Port Said/Suez Canal agent, but not fully verifiable — search budget exhausted.",https://seabird-marine.com/,Suez Canal transit agent and ship chandler since 1981 in Port Said & Suez.
Balticnova OÜ,ship_agency,Estonia,Tallinn,https://balticnova.com/,,,needs_review,plausible,Search budget exhausted; no independent verification possible this session.,plausible,"Consistent details and matching balticnova.com domain, but no independent verification possible (search budget exhausted).",https://balticnova.com/,"Maritime logistics company: dry bulk chartering, freight forwarding, ship agency, insurance."
ESTMA,ship_agency,Estonia,Tallinn,https://www.estma.ee/,,,needs_review,plausible,Search budget exhausted; matches a known Tallinn ship agency from prior knowledge but unverified this session.,plausible,"ESTMA is a known long-standing Estonian ship agency with estma.ee domain, but could not be re-verified live (search budget exhausted).",https://www.estma.ee/en/service/ship-agency/,"Ship agency with head office in Tallinn and offices in Muuga, Paldiski, Kunda and Parnu."
NavEst Agency OÜ,ship_agency,Estonia,Tallinn,https://navest.ee/,agency@navest.ee,+372 5035 796,needs_review,plausible,Search budget exhausted; no independent verification possible this session.,plausible,"Details internally consistent (Estonian OÜ, matching navest.ee domain/email), but site and registry could not be checked (verification tools exhausted/blocked).",https://navest.ee/contact/,"Ship agent for liquid cargo, dry-cargo, ro-ro, cruise and research vessels in Estonia / Gulf of Finland; 24/7 line also listed (+372 5157 209); address Hobujaama 4, Tallinn."
REISIN OÜ,ship_agency,Estonia,Tallinn,https://reisin.ee/,,,needs_review,plausible,Search budget exhausted; no independent verification possible this session.,plausible,"Consistent Estonian OÜ with matching reisin.ee domain, but unverifiable this session (search budget exhausted).",https://reisin.ee/ship-agency-estonian-ports/,"Ship's agent in Estonian ports, 24/7 vessel and crew services."
Vigolin Ltd,ship_agency,Estonia,,https://www.vigolin.com/,,,needs_review,plausible,Search budget exhausted; no independent verification possible this session.,plausible,"Vigolin is recalled as a real Estonian shipping/agency firm, but website liveness could not be checked (verification blocked).",https://www.vigolin.com/operations/ships-agency,"Port agency incl. protective agency in all Estonian ports (Muuga, Kopli, Bekkeri, Miiduranna, Paldiski, Loksa, Kunda, Parnu)."
Backman-Trummer,ship_agency,Finland,,https://www.backman-trummer.fi/,,,needs_review,plausible,"Search budget exhausted; Oy Backman-Trummer Ab is a known Vaasa-based forwarding/ship agency (KWH Logistics group) per prior knowledge, not live-verified.",plausible,"Search budget exhausted; Oy Backman-Trummer Ab is a known KWH Logistics forwarding/agency company in Vaasa, suggested website from prior knowledge, unverified.",https://www.portofhelsinki.fi/en/kaija/cargo/agents-are-multi-skilled-sea-freight-experts/,Ship clearance and forwarding in all ports on Finland's western coast; EDI links to Customs and Finnish Transport Agency (per Port of Helsinki article).
C & C Port Agency Finland Oy Ltd,ship_agency,Finland,Helsinki,,,,needs_review,plausible,Search quota exhausted before verification; name and Helsinki base are consistent with a known Finnish port agency but no independent evidence was retrieved.,plausible,No independent check possible (search budget exhausted); no contradicting evidence found.,https://www.fonasba.com/wp-content/uploads/2025/04/FONASBA-QUALITY-STANDARD-APPLICATIONS-RECORD-Finland-20250415.pdf,"Accredited 28/10/2019; head office Helsinki with branches in Kotka, Porvoo, Loviisa, Turku, Rauma and Naantali, per FONASBA Finland approvals record surfaced in search results."
Euroports Hanko,ship_agency,Finland,Hanko,,,,needs_review,plausible,Session search quota was exhausted before this row could be searched; the FONASBA Finland record cited is consistent with Euroports' known Finnish port operations but unverified here.,plausible,"Euroports group is known to operate in Hanko, Finland, but live verification was impossible: search budget exhausted.",https://www.fonasba.com/wp-content/uploads/2025/04/FONASBA-QUALITY-STANDARD-APPLICATIONS-RECORD-Finland-20250415.pdf,Accredited to the FONASBA Quality Standard 17/10/2019 per FONASBA Finland approvals record surfaced in search results.
Stevena Oy,ship_agency,Finland,,https://www.stevena.fi/,,,needs_review,plausible,"Search budget exhausted; Stevena is a known Finnish stevedoring firm (Turku/Naantali area) per prior knowledge, ship agency claim not live-verified.",plausible,"Search budget exhausted; Stevena is a known Finnish stevedoring firm (KWH Logistics group), website not live-verified.",https://www.stevena.fi/en/services/ship-agency/,Finnish stevedoring company also offering ship agency services.
Tramp Agencies Ltd,ship_agency,Finland,Helsinki,https://www.tramp.fi/,,,needs_review,plausible,"Search budget exhausted before verification; known Helsinki tramp ship agency consistent with description, but not independently confirmed this session.",plausible,"Search budget exhausted; no live check possible and company not independently known, details not contradicted.",https://www.tramp.fi/,Helsinki ship agency serving all Finnish ports from Kemi to Hamina.
Burger Feron (Sealogis Group),ship_agency,France,,https://www.sealogis.com,,,needs_review,plausible,"Prior knowledge supports Burger Feron as a Sealogis-group French maritime agent, but live verification was impossible (search quota exhausted).",plausible,"Sealogis is a real French logistics group and Burger Feron is listed as one of its entities, but not independently verified live (search budget exhausted).",https://www.sealogis.com/group/entities-of-the-group/burger-feron/,"Recognized French maritime agent; shipping-line representation, ships and harbor services."
LHP Agency,ship_agency,France,Le Havre,http://www.lhpagency.fr,,,needs_review,plausible,Unverified — no reliable prior knowledge of this Le Havre agency and no search could be run (quota exhausted).,plausible,Le Havre consignataire consistent with its own site; http-only domain and details unverified (search budget exhausted).,http://www.lhpagency.fr/fr/consignation-maritime,"Consignataire maritime; overall management of ships during port calls in Le Havre, bilingual team."
Mathez Freight,ship_agency,France,Marseille,https://www.mathezfreight.com,,,needs_review,plausible,Mathez Group is a known French forwarder with maritime-agent services per prior knowledge; details not verifiable live (search quota exhausted).,plausible,"Mathez is a known French freight/forwarding group with southern-France maritime services, but the Marseille ship-agent detail is unverified (search budget exhausted).",https://www.mathezfreight.com/fr/services/agent-maritime/,"Shipping agent and ship consignee at major southern France ports incl. Marseille; cargo, ferries, cruise ships, yachts."
Anchor-Up Port Service GmbH,ship_agency,Germany,Hamburg,https://www.anchor-up.de,agency@anchor-up.de,+49 40 22 860 405,needs_review,plausible,Weak prior-knowledge recognition of this small Hamburg agency; could not verify website/email live (search quota exhausted).,plausible,Small independent Hamburg agency consistent with known market; email domain matches website but details unverified (search budget exhausted).,https://www.anchor-up.de/,"Independent shipping agency and shipbroker founded 2018; port agency, chartering, transshipment, hold cleaning."
HAHN Shipping GmbH,ship_agency,Germany,Stade,https://www.hahn-shipping.de,,,needs_review,plausible,Unverified — no search could be run (quota exhausted) and only faint prior knowledge of a Stade port agency by this name.,plausible,"Stade/Elbe port agency with self-consistent domain, but existence not independently verified (search budget exhausted).",https://www.hahn-shipping.de/en/port-agency/,"Port agency services, Stade (Elbe region near Hamburg)."
Hamburg Port Agency,ship_agency,Germany,Hamburg,,,,needs_review,plausible,"Faint prior-knowledge match for a Hamburg agency of this name, but no live verification possible (search quota exhausted) and sole source is a directory listing.",plausible,Only evidence is a MagicPort directory listing and no website is given; could not independently verify (search budget exhausted).,https://magicport.ai/ship-agents/germany/hamburg-port-agency,"Founded 1976; clearance, port services and shipbroking across 128+ German ports."
Mundial RoRo GmbH,ship_agency,Germany,Hamburg,https://www.mundial-roro.com,,,needs_review,plausible,Unverified — no prior knowledge and no search could be run (session quota exhausted); treat as needing re-check.,plausible,"Hamburg RoRo agency consistent with its own site claims, but no independent verification possible (search budget exhausted).",https://www.mundial-roro.com/,"German maritime agency and ship management, RoRo focus; founded 1997 in Hamburg port."
Constas Shipping Agency,ship_agency,Greece,Piraeus,https://www.constasshippingagency.com.gr,,,needs_review,plausible,"No contradicting knowledge, but could not verify by search (session search budget exhausted).",plausible,"Search budget exhausted, no live check; consistent with a long-established Piraeus agency.",https://www.constasshippingagency.com.gr/,Shipping agency HQ Piraeus since 1912; covers all Greek ports and major European ports.
Elefsis Shipping Agency,ship_agency,Greece,Eleusis,https://elefshipagent.com,,,needs_review,plausible,"No contradicting knowledge, but could not verify by search (session search budget exhausted).",plausible,"Search budget exhausted, no live check; details unverified this session.",https://elefshipagent.com/,Family-owned ship agency founded 2002; serves Piraeus and other Greek ports.
Trieris Shipping Agencies,ship_agency,Greece,Piraeus,https://trieris.gr,,,needs_review,plausible,"No contradicting knowledge, but could not verify by search (session search budget exhausted).",plausible,"Search budget exhausted, no live check; details unverified this session.",https://trieris.gr/,"Ship agent in Piraeus since 1979; crew changes, spares delivery, husbandry, dry dock services at all Greek ports."
China Rich Shipping Company Ltd.,ship_agency,Hong Kong,Hong Kong,https://chinarichshpg.com/,,,needs_review,plausible,Not independently verified: search budget exhausted; no contradicting evidence.,plausible,Vague background recollection of a Hong Kong protective-agency firm by this name; website not live-verified (search budget exhausted).,https://chinarichshpg.com/,"Serves ship owning/operating companies; shipbrokering, chartering and protective agency services in major China ports."
WM Shipping Agency (WMSA),ship_agency,Hong Kong,Hong Kong,https://wmgroup.com.hk/wmsa/,,,needs_review,plausible,Not independently verified: search budget exhausted; no contradicting evidence.,plausible,"No live search possible (budget exhausted) and no background knowledge of this Hong Kong agency; unverified, not contradicted.",https://wmgroup.com.hk/wmsa/,International shipping agency established 2009 in Hong Kong; ship husbandry services in Hong Kong and Mainland China.
Esquire Shipping & Trading (P) Ltd.,ship_agency,India,Mumbai,http://www.shipport.com/,,,needs_review,plausible,Not independently verified: search budget exhausted; no contradicting evidence.,plausible,"Long-standing Mumbai ship agency per background knowledge, but the unusual shipport.com domain could not be live-verified (search budget exhausted).",http://www.shipport.com/,"Ship agents for shipping lines on major trade routes; port agents for shipowners, operators and traders."
Nautai Marine Services,ship_agency,India,Mumbai,https://www.nautaimarine.com/,,,needs_review,plausible,Not independently verified: search budget exhausted before any query ran; no contradicting evidence.,plausible,"No live search possible (budget exhausted) and no background knowledge; unverified, not contradicted.",https://www.nautaimarine.com/port-agency-services,Port agency services all over India; offices in Mumbai and Cochin.
Seatech Shipping & Projects (India) Pvt. Ltd.,ship_agency,India,Mumbai,https://www.seatechindia.com/,,,needs_review,plausible,"Recognized as a Mumbai-based Indian ship agency from prior knowledge, but live search verification could not be performed (budget exhausted).",plausible,Recognized as a real Mumbai ship agency from background knowledge; seatechindia.com not live-verified (search budget exhausted).,https://www.seatechindia.com/Port-Agency.html,"All-India ship agency network controlled from Mumbai HQ; handles Mumbai, Kandla, Mundra, Goa and other West & East Coast ports."
Seven Seas Maritime,ship_agency,India,Mumbai,https://www.sevenseasmaritime.com/,,,needs_review,plausible,Not independently verified: search budget exhausted; no contradicting evidence.,plausible,"Generic name, no background knowledge, and no live search possible (budget exhausted); unverified.",https://www.sevenseasmaritime.com/,Shipping agents in Mumbai; ship husbandry and crew change services.
CDM (Creuza de Ma),ship_agency,Italy,Genoa,https://cdmgenova.com,,,needs_review,plausible,"No contradicting knowledge, but could not verify by search (session search budget exhausted).",plausible,"Search budget exhausted, no live check; plausible Genoese agency but unverified this session.",https://cdmgenova.com/shipping-agency/,Shipping agency established in Genoa in 2012; heavy lift and break bulk specialization.
Campostano Group,ship_agency,Italy,Genoa,https://www.campostano.com,,,needs_review,plausible,"Known historic Ligurian ship agency per prior knowledge, but live search unavailable (budget exhausted).",plausible,"Search budget exhausted, no live check; consistent with known Italian ship agency group.",https://www.campostano.com/en/ship-agents/,"Ship agents with offices in Savona, Genoa, Taranto, Ravenna and Venice plus representatives in other Italian ports."
Dario Perioli Group,ship_agency,Italy,Genoa,https://www.darioperioligroup.com,,,needs_review,plausible,"Known Genoa shipping/forwarding group per prior knowledge, but live search unavailable (budget exhausted).",plausible,"Search budget exhausted, no live check; consistent with known Genoese shipping firm Dario Perioli S.p.A.",https://www.darioperioligroup.com/en/shipping-agents/,Port agent for major shipping companies in Genoa and La Spezia.
Intermare,ship_agency,Italy,Genoa,https://intermare.com,,,needs_review,plausible,"Consistent with a known Genoa port agency, but could not verify by search (session search budget exhausted).",plausible,"Search budget exhausted, no live check; not contradicted but website/company could not be verified.",https://intermare.com/port-agent/,"HQ in Genoa; port agent in Genoa, Leghorn and Venice, specializing in project cargo."
Daito Corporation,ship_agency,Japan,Tokyo,https://www.daitocorp.co.jp/,,,needs_review,plausible,"Known Tokyo-based Japanese port transport and ship agency company per prior knowledge, but not live-verified (search budget exhausted).",confirmed,TSE-listed Tokyo harbor transport and ship agency company; daitocorp.co.jp matches from established knowledge though live search was unavailable.,https://www.daitocorp.co.jp/english/shipagency.html,"Ship agency for vessels at Tokyo, Yokohama, Kawasaki, Chiba and Kisarazu; permits, pilots, tugs, husbandry, crew change."
Eagle Shipping Japan,ship_agency,Japan,,http://www.eagleshipjapan.com/,,,needs_review,plausible,Search budget exhausted; small Japanese ship agency with this name/site faintly matches prior knowledge but unverified.,plausible,"Search budget exhausted; small Japanese agent not in prior knowledge, no contradiction found.",http://www.eagleshipjapan.com/agent.html,Ship agent services in Japan.
"Hayashi Kaiun Co., Ltd.",ship_agency,Japan,,https://hayashi-group.co.jp/,,,needs_review,plausible,"Known Japanese coastal shipping group per prior knowledge, but not live-verified (search budget exhausted).",plausible,Background knowledge supports a real Japanese coastal shipping agency of this name; hayashi-group.co.jp not live-verified (search budget exhausted).,https://hayashi-group.co.jp/en/business/shipsagent.html,"Agency for ~100 coastal shipping companies, top level in Japan; branches at Kawasaki and Yokohama ports."
Inchcape Shipping Services (Japan),ship_agency,Japan,Tokyo,https://www.iss-shipping.com/,,,needs_review,plausible,ISS is a well-known global port agency with Japan/Tokyo offices per prior knowledge; live search unavailable (budget exhausted).,confirmed,"Well-known global port agency with Japan offices; iss-shipping.com is its official domain (search unavailable, prior knowledge).",https://www.iss-shipping.com/network/asia-pacific/japan/tokyo/,"Global port agency; Tokyo office offering agency, P&I and machinery services."
Alpha Shipping Company SIA,ship_agency,Latvia,Riga,https://www.alpha.lv/,,,needs_review,plausible,Search budget exhausted; no independent verification possible this session.,plausible,"Consistent Latvian SIA with matching alpha.lv domain, but unverifiable this session (search budget exhausted).",https://www.alpha.lv/,"Founded in Riga 1994; grown from small shipping agency to full shipping services provider; address Skanstes iela 12-9A, Riga."
Daugava Shipping Services,ship_agency,Latvia,Riga,http://www.dss.com.lv/,,,needs_review,plausible,Search budget exhausted; no independent verification possible this session.,plausible,"Details consistent, but the http-only dss.com.lv site could not be checked for staleness (verification blocked).",http://www.dss.com.lv/,"Vessel attendance in Latvian ports: Riga, Liepaja, Ventspils, Skulte, Mersrags, Salacgriva; 10+ years."
Penta Maritime Agency Ltd,ship_agency,Latvia,Riga,,,,needs_review,plausible,Search budget exhausted; COSCO agent listing not independently verified this session.,plausible,"COSCO agent listing source is credible, but the agency could not be independently verified (search budget exhausted).",https://lines.coscoshipping.com/home/Contact/global/countryList/more/Europe/Latvia/Riga/50000000000000328,Riga-based agency; listed as COSCO Shipping Lines contact/agent for Latvia.
Rinosta Shipping Agency Ltd,ship_agency,Latvia,Riga,,,,needs_review,plausible,Search budget exhausted; matches a known Riga agency from prior knowledge but unverified this session.,plausible,"Rinosta is recalled as a real Riga agency (rinosta.lv), but no website in row and no live verification possible.",https://www.goodfirms.co/supply-chain-logistics-companies/shipping/latvia,"Established in Riga Jan 1995; present in all three Baltic states (Estonia, Latvia, Lithuania)."
EIMLINA JSC,ship_agency,Lithuania,Klaipeda,https://www.eimlina.lt/,,,needs_review,plausible,Search budget exhausted; no independent verification possible this session.,plausible,"Eimlina is recalled as a real Klaipeda agency (eimlina.lt), but could not be verified live (search budget exhausted).",https://www.eimlina.lt/,Ship agency services in port of Klaipeda since 1996.
JSC Onze,ship_agency,Lithuania,Klaipeda,https://www.onze.lt/,,,needs_review,plausible,Search budget exhausted; matches a known Klaipeda agency/supplier from prior knowledge but unverified this session.,plausible,"Onze is recalled as a real Klaipeda ship agent/supplier with onze.lt domain, but unverifiable live this session.",https://www.onze.lt/en/jsc-onze-activities/vessel-agency-services/,"Ship agency and ship supply at Klaipeda port, agents on duty 24/7."
Navisolis Maritime Agency Ltd,ship_agency,Lithuania,Klaipeda,https://navigatiosolis.lt/,,,needs_review,plausible,Search budget exhausted; name vs domain (navigatiosolis.lt) mismatch could not be checked this session.,plausible,"Domain navigatiosolis.lt suggests the real name is 'Navigatio Solis' (row name possibly garbled), and live verification was not possible.",https://navigatiosolis.lt/,"Established 1994, one of the first private independent maritime agencies in Klaipeda; agency, chartering, forwarding, customs clearance."
Ship Agency Pool,ship_agency,Lithuania,Klaipeda,https://ship.agency/,,,needs_review,plausible,Search budget exhausted; no independent verification possible this session.,plausible,"Generic name and ship.agency domain could not be independently verified (search budget exhausted, direct web blocked).",https://ship.agency/,"Established 2010; full or protective agency in Klaipeda, 24/7/365."
AGUNSA Mexico,ship_agency,Mexico,Manzanillo,https://www.agunsa.com.mx,,,needs_review,confirmed,Search budget exhausted; AGUNSA is a major Chilean port-agency group with known Mexican operations in Manzanillo per prior knowledge.,plausible,"AGUNSA (Agencias Universales, Chile) verifiably operates port agencies in Mexico including Manzanillo, but the agunsa.com.mx domain could not be checked (web search budget exhausted).",https://www.agunsa.com.mx/agenciamiento.html,Port agency services in Manzanillo and Lazaro Cardenas; Mexican arm of Chilean AGUNSA group.
Agencia Mier y Teran S.A. de C.V.,ship_agency,Mexico,Veracruz,,,,needs_review,plausible,Search budget exhausted; consistent with Veracruz port directory listing but could not be independently verified.,plausible,"Mier y Teran is a longstanding Veracruz shipping agency name, but no independent verification possible (web search budget exhausted) and no website given.",https://www.puertodeveracruz.com.mx/subirDirectorios/DirectorioEmpresas.php,Shipping agency listed in the Port of Veracruz company directory.
"Agencia Naviera Consignataria del Pacifico (ANACOPA), S.A. de C.V.",ship_agency,Mexico,Manzanillo,,,,needs_review,plausible,Search budget exhausted; consistent with Manzanillo port directory listings but could not be independently verified.,plausible,"Consistent with Manzanillo port authority directory listing, but could not be independently verified (web search budget exhausted).",https://www.puertomanzanillo.com.mx/esps/2110240/agencias-navieras-y-consignatarias.html,"Main office in Manzanillo with port offices on Mexico's west coast and Gulf, per Manzanillo port authority directory results."
Navecopa,ship_agency,Mexico,Manzanillo,https://www.navecopa.com,,,needs_review,plausible,Search budget exhausted; plausible Manzanillo shipping agency but could not be independently verified.,plausible,"Navecopa is recalled as a Manzanillo shipping agency, but the navecopa.com domain could not be verified (web search budget exhausted).",https://www.navecopa.com/en/about-navecopa.html,35+ years as shipping agent in Manzanillo; formalized as a group in 2010 with office network around the country.
Navieros y Consignaciones S.A. de C.V.,ship_agency,Mexico,,https://www.navieros.com,,,needs_review,plausible,Search budget exhausted; a Mexican multi-port ship agency of this name is consistent with prior knowledge but unverified.,plausible,"Name and multi-port Mexican agency profile are consistent, but navieros.com ownership could not be verified (web search budget exhausted).",https://www.navieros.com/en/about,"Port and commercial agents for international lines in Manzanillo, Veracruz, Tampico, Altamira, Lazaro Cardenas, Mazatlan, Ensenada."
Broekman Shipping (Broekman Logistics),ship_agency,Netherlands,Rotterdam,https://www.broekmanlogistics.com,,,needs_review,confirmed,"Broekman Logistics is a well-known Rotterdam logistics group with a long-standing port/shipping agency arm; prior knowledge, live search unavailable.",plausible,Broekman Logistics is a well-known Rotterdam logistics/port agency firm at broekmanlogistics.com per prior knowledge; unverifiable this session (search budget exhausted).,https://www.broekmanlogistics.com/expertise/shipping-port-agency/,"60 years as port agency in Rotterdam; port tramp agency covering Rotterdam, Amsterdam, IJmuiden, Terneuzen and Vlissingen."
MariTeam Shipping Agencies,ship_agency,Netherlands,Rotterdam,https://www.mariteam-shipping.com,,,needs_review,plausible,"Matches my recollection of an independent Rotterdam/Antwerp port agency, but could not verify live: web-search budget exhausted.",plausible,Could not verify: web search budget exhausted; only weak prior recollection of this Rotterdam agency.,https://www.mariteam-shipping.com/,"Independent, privately owned port agency covering Antwerp, Rotterdam and Amsterdam; ship clearance, shipbroking, AEO-certified customs."
Marlo Expedition B.V.,ship_agency,Netherlands,Rotterdam,https://www.marlo.eu,,,needs_review,plausible,"Consistent with a Rotterdam forwarding/shipping agent (marlo.eu), but could not verify live: web-search budget exhausted.",plausible,Could not verify: web search budget exhausted; details internally consistent but no independent evidence gathered.,https://www.marlo.eu/transport/shipping-agent/,Shipping agent based in Rotterdam.
AWCO Maritime (Asbj. W. Christophersen & Co A/S),ship_agency,Norway,Oslo,https://awco.no/,,,needs_review,plausible,"Known to me as a long-established Oslo ship agency (awco.no), but live verification impossible: session web-search budget exhausted.",plausible,Search budget exhausted before any query ran; weak prior knowledge of AWCO as an Oslo ship agency but no independent confirmation possible.,https://awco.no/?page_id=8,Established in Oslo 1941; service area covers Fredrikstad - Oslo - Tonsberg range.
Tyrholm & Farstad,ship_agency,Norway,,https://www.tyrholm.no/,,,needs_review,confirmed,"Well-known Norwegian ship agency (based in Alesund, tyrholm.no) per prior knowledge; live search unavailable (budget exhausted).",plausible,"Known Norwegian ship agency (based in Alesund) with tyrholm.no, but search budget was exhausted so details could not be independently confirmed.",https://www.tyrholm.no/en/ship-agent,Ship agent at Norway's biggest ports; handles 400-500 ship calls along the Norwegian coast annually.
Viking Shipping AS,ship_agency,Norway,Oslo,https://viking-shipping.no/,,,needs_review,plausible,Search budget exhausted; no verification possible this session and Oslo agency claim not confirmable from prior knowledge — needs re-check.,plausible,Search budget exhausted; no live check possible and website/company not independently confirmed.,https://viking-shipping.no/agency.html,"Full port agency service in Port of Oslo: import/export, crew changes, customs clearance."
Boyd Steamship Corporation,ship_agency,Panama,,https://boydsteamship.com,,,needs_review,plausible,"Matches the well-known 1910-founded Panama Canal ship agency, but search budget exhausted; not independently verified.",plausible,"Search budget exhausted; Boyd Steamship is a known long-established Panama Canal agency per background knowledge, but not live-verified.",https://boydsteamship.com/web/,"Founded 1910; oldest and largest ships' agency at the Panama Canal; canal transits, port calls, crew changes, 24/7 services."
"C.B. Fenton & Co., S.A.",ship_agency,Panama,,https://www.cbfenton.com,,,needs_review,plausible,"Matches the known Panama Canal agency acquired by Chile's Ultramar group, but search budget exhausted; not independently verified.",plausible,"Search budget exhausted; C.B. Fenton (Ultramar group, Panama) is known per background knowledge, but not live-verified.",https://www.cbfenton.com/our-history/,"Founded 1916; four offices, two at each canal terminal; 100+ vessels attended for transit monthly; part of Ultramar (Chile) group since 2012."
Norton Lilly International - Panama S.A.,ship_agency,Panama,,https://nortonlilly.com.pa,,,needs_review,plausible,"Norton Lilly International is a known major agency with a Panama Canal presence, but search budget exhausted; the Panama entity was not independently verified.",plausible,"Search budget exhausted; Norton Lilly's Panama operation is known per background knowledge, but the .com.pa website could not be live-verified.",https://nortonlilly.com.pa/about-us/,In Panama since 1925; offices at north and south ends of the Panama Canal; canal transits and port agency.
East-Nav,ship_agency,Poland,,https://eastnav.pl/,,,needs_review,plausible,"Consistent with a known independent agency in Polish Baltic ports, but could not verify live: web-search budget exhausted.",plausible,Could not verify: web search budget exhausted; details internally consistent but no independent evidence gathered.,https://eastnav.pl/,"Independent ship agency in Polish Baltic ports (Gdynia, Gdansk, Szczecin, Swinoujscie); also chartering, project logistics, forwarding."
Morska Agencja Gdynia (MAG),ship_agency,Poland,Gdynia,https://www.mag.pl/,,,needs_review,confirmed,"MAG is a well-known Polish ship agency founded 1951 in Gdynia (mag.pl); identity certain from prior knowledge, live search unavailable.",plausible,Well-known Polish ship agency in Gdynia with site mag.pl per prior knowledge; search budget exhausted so not independently confirmed.,https://www.mag.pl/en/ships-and-freight-agency,"Main office Gdynia; branches in Gdansk, Szczecin, Swinoujscie, Darlowo, Kolobrzeg, Elblag, Leba, Ustka, Wladyslawowo. Agency, port forwarding, chartering."
Polsteam Shipping Agency Sp. z o.o.,ship_agency,Poland,Szczecin,https://www.polsteamagency.pl/,,,needs_review,confirmed,Known Polsteam (PZM group) agency subsidiary in Szczecin per prior knowledge; live search unavailable (budget exhausted).,plausible,Known Szczecin-based agency of the Polsteam (PZM) group per prior knowledge; search budget exhausted so not independently confirmed.,https://www.polsteamagency.pl/index.php/en/,"Head office Szczecin (serving Szczecin and Police), branch office in Gdynia serving Gdynia and Gdansk."
"James Rawes Navegação, Lda.",ship_agency,Portugal,Lisbon,https://www.jamesrawesnavegacao.pt,,,needs_review,plausible,James Rawes is a historic Lisbon ship agency per prior knowledge; the exact entity and website could not be verified live (search quota exhausted).,plausible,"James Rawes is a historic Portuguese agency house in Lisbon, but the Navegação entity, offices and domain could not be verified live (search budget exhausted).",https://www.jamesrawesnavegacao.pt/,"Port agent with offices in Lisbon (Av. 24 de Julho 126), Leixoes and Sines; cruise-dedicated agency plus tramp shipping at Sines."
Navex - Empresa Portuguesa de Navegação,ship_agency,Portugal,Lisbon,,,,needs_review,plausible,"Known Lisbon-based Portuguese ship agent (ETE Group) per prior knowledge, but live search unavailable (session search budget exhausted).",plausible,"Search budget exhausted, no live check; matches prior knowledge of a real 1967-founded Lisbon shipping agent.",https://www.linkedin.com/company/navex--empresa-portuguesa-de-navega-o-sa/,"Shipping agent founded 1967, HQ Lisbon with offices in Oporto and Sines."
Alfaship Agencies (Singapore) Pte Ltd,ship_agency,Singapore,Singapore,https://alfaship.com.sg/,,,needs_review,plausible,Search budget exhausted; plausible Singapore port agent but could not be independently verified.,plausible,"Profile is consistent with a Singapore port agent, but existence and domain alfaship.com.sg could not be independently verified (web search budget exhausted).",https://alfaship.com.sg/,Port agent in Singapore providing round-the-clock ship agency services.
Pacmar Shipping Pte Ltd,ship_agency,Singapore,Singapore,https://pacmar.com.sg/,,,needs_review,plausible,Search budget exhausted; plausible Singapore agency but could not be independently verified.,plausible,"Pacmar is recalled as a Singapore ship agency with pacmar.com.sg, but could not be independently re-verified (web search budget exhausted).",https://pacmar.com.sg/,"Liner, tramper and protecting agency; dry-docking, STS operations, crew change, bunker supply in all Singapore ports and oil terminals."
Sinoda Shipping Agency Pte Ltd,ship_agency,Singapore,Singapore,https://www.sinoda.com.sg/,,,needs_review,plausible,Search budget exhausted; a known Singapore ship agency name per prior knowledge but details unverified.,plausible,"Sinoda is recalled as an established Singapore ship agency with sinoda.com.sg, but could not be re-verified (web search budget exhausted).",https://www.sinoda.com.sg/singapore-port,"Full range of port agency services; handles load/discharge, cruise, bunker-only, OPL, dry dockings and lay-ups in Singapore."
Kanoo Shipping (South Africa),ship_agency,South Africa,,https://kanooshipping.com/,,,needs_review,plausible,Kanoo Shipping (YBA Kanoo) is a known agency network with African offices per prior knowledge; live search unavailable (budget exhausted).,confirmed,"Kanoo Shipping (Kanoo Group) genuinely operates a South Africa regional office; kanooshipping.com is its domain (prior knowledge, search unavailable).",https://kanooshipping.com/south-africa-regional-office,Kanoo Africa regional office; port agency services with offices in Cape Town and Durban.
"Port Agency Services, Ltd. (PAS)",ship_agency,South Africa,,http://www.portagent.co.za/,,,needs_review,plausible,Little prior knowledge of this Durban/Cape Town agent; could not verify because session search budget was exhausted.,plausible,Not in prior knowledge; could not verify — search budget exhausted.,http://www.portagent.co.za/,"Shipping agent with operations in Durban and Cape Town; port agency, shipping and bunkering services."
Rennies Ships Agency,ship_agency,South Africa,,https://www.rsagency.co.za/,,,needs_review,plausible,"Long-established, well-known South African ships agency (Bidvest-linked) per prior knowledge; live search unavailable (budget exhausted).",confirmed,"Historic South African ships agency (est. 1849, Bidvest-linked); matches description (prior knowledge, search unavailable).",https://www.rsagency.co.za/,Leading ships agency in all South African & Mozambique ports; operating since 1849.
Sturrock Grindrod Maritime,ship_agency,South Africa,Durban,https://sturrockgrindrod.com/,,,needs_review,plausible,Known Durban-based ship agency (Sturrock/Grindrod JV) per prior knowledge; live search unavailable (budget exhausted).,confirmed,"Real SA ship agency formed from Sturrock and Grindrod agency merger, offices in Durban/Cape Town (prior knowledge, search unavailable).",https://sturrockgrindrod.com/location/south-africa-ship-agency/,"Ship agency with offices in Cape Town, Durban and other South African ports."
Trade Ocean,ship_agency,South Africa,,https://tradeocean.co.za/,,,needs_review,plausible,South African/Namibian ship agency matches prior knowledge; live search unavailable (budget exhausted).,plausible,"Trade Ocean is a known SA/Namibia shipping agency, but website/details unverifiable — search budget exhausted.",https://tradeocean.co.za/services/ships-agency/shipping-agents-in-south-africa-and-namibia/,Handles vessels through Durban and Cape Town; also covers Namibia; 100+ years collective agency experience.
"Fair Shipping Korea Co., Ltd.",ship_agency,South Korea,,,,,needs_review,plausible,"Consistent with the known Fair Shipping (Philippines) group joint venture per prior knowledge, but not live-verified (search budget exhausted).",plausible,"Consistent with Fairmont/Fair Shipping group joint ventures per background knowledge, but source is the Philippine affiliate's site and no live verification was possible.",https://www.fairship.com.ph/joint/fair-shipping-korea-co-ltd,Licensed ship and crew handling agent (Korean government); crew handling in all Korean ports.
"Global-Korea, Ltd.",ship_agency,South Korea,Busan,https://www.global-korea.co.kr/,,,needs_review,plausible,Not independently verified: search budget exhausted; no contradicting evidence.,plausible,"No live search possible (budget exhausted) and no background knowledge of this Busan agent; unverified, not contradicted.",https://www.global-korea.co.kr/,"Busan-based shipping agent; inspection, provision, supply and vessel support services."
Korean Ocean Shipping Agency,ship_agency,South Korea,,,,,needs_review,plausible,"Long-established Korean agency (KOSA) with a Wikipedia entry per prior knowledge, but live search confirmation was impossible (budget exhausted).",confirmed,"Long-established, well-documented Korean shipping agency (KOSA) with a Wikipedia entry; matches description from established knowledge though live search was unavailable.",https://en.wikipedia.org/wiki/Korean_Ocean_Shipping_Agency,Long-established Korean shipping agency (per Wikipedia entry in search results).
Woosung Shipping,ship_agency,South Korea,Seoul,http://woosung.com/en/,,,needs_review,plausible,"Recognized as a Korean shipping agency from prior knowledge, but live search verification could not be performed (budget exhausted).",plausible,Background knowledge suggests a real Korean shipping agent of this name; woosung.com not live-verified (search budget exhausted).,http://woosung.com/en/,"International shipping agent in Korea; offices in Seoul, Busan, Incheon and Daegu."
Erhardt (Port Agent Spain),ship_agency,Spain,,https://www.portagentspain.com,,,needs_review,plausible,Erhardt y Compania is a well-known Spanish ship agent per prior knowledge; portagentspain.com branding not verifiable live (search quota exhausted).,plausible,"Grupo Erhardt is a genuine long-established Spanish shipping agency and portagentspain.com is consistent with its agency branding, but not verified live (search budget exhausted).",https://www.portagentspain.com/,Ship agent in all Spanish ports and North/West Africa; agency plus end-to-end logistics and crew services.
Brofjorden Ship Agency / Gothenburg Ship Agency,ship_agency,Sweden,Gothenburg,https://shipagency.org/,,,needs_review,plausible,Search budget exhausted; no verification possible and generic shipagency.org domain warrants re-check.,plausible,"Search budget exhausted; no live check possible, generic shipagency.org domain could not be tied to the company.",https://shipagency.org/,"Acts as port agent in every Swedish port; offices Brofjorden, Gothenburg, Stenungsund."
Citadel Shipping,ship_agency,Sweden,Gothenburg,,,,needs_review,plausible,Search budget exhausted; only source is a directory listing and no verification possible this session — needs re-check.,plausible,Search budget exhausted; only source is a directory listing and no independent verification was possible.,https://magicport.ai/ship-agents/sweden/citadel-shipping,"Representatives in Gothenburg, Kalmar, Helsingborg, Landskrona, Halmstad and Malmo; covers west coast and southern Sweden."
Scandinavian Shipping & Logistics,ship_agency,Sweden,,https://www.scandinavianshipping.se/,,,needs_review,plausible,"Search budget exhausted; known Swedish port agency/logistics firm per prior knowledge, but not live-verified this session.",plausible,"Search budget exhausted; known Swedish port agency brand, website not live-verified.",https://www.scandinavianshipping.se/en/port-agency/,"Complete port agency for all vessel types calling Swedish ports, year-round."
Swedmar Shipping Services AB,ship_agency,Sweden,Gothenburg,https://swedmarshipping.com/,,,needs_review,plausible,Search budget exhausted; no verification possible this session and company not in prior knowledge — needs re-check.,plausible,"Search budget exhausted; no live check possible, details not contradicted but unverified.",https://swedmarshipping.com/,"Agency and service company started Aug 2017; covers Swedish ports 24/7, attending and non-attending services."
Ilya Ship Agency Ltd.,ship_agency,Turkey,Izmir,https://ilya.com.tr,,,needs_review,plausible,"Consistent with a known Izmir-based Turkish agency, but could not verify by search (budget exhausted).",plausible,"Search budget exhausted, no live check; details unverified this session.",https://ilya.com.tr/en/hizmetler/gemi-acenteligi/,"Serves ship and cargo owners in all Turkish ports and straits; agency since 2003 in Izmir, Marmara branch in Izmit since 2010."
Pelikan Shipping Agency,ship_agency,Turkey,Izmit,https://www.pelikanshipping.com,,,needs_review,plausible,"Consistent with a known Izmit-based Turkish agency, but could not verify by search (budget exhausted).",plausible,"Search budget exhausted, no live check; consistent with a known Izmit-based Turkish agency.",https://www.pelikanshipping.com/,"Originated from Orion Shipping's Izmit agency dept (1990); established 2003, serves all Turkish ports."
Biehl & Co.,ship_agency,USA,,,,,needs_review,plausible,"Known historic US (Houston-based) ship agency and ASBA member per prior knowledge, but live search unavailable (budget exhausted).",plausible,"Search budget exhausted, no live check; matches prior knowledge of a long-standing US Gulf Coast ship agency.",https://www.asba.org/asba-certified-agents,Listed as ASBA member ship agency.
Fillette Green Shipping Services (USA),ship_agency,USA,,,,,needs_review,plausible,"Known Tampa-based US ship agency per prior knowledge, but live search unavailable (budget exhausted).",plausible,"Search budget exhausted, no live check; matches prior knowledge of the Tampa-based US ship agency.",https://www.asba.org/asba-certified-agents,Listed as ASBA member ship agency.
GAC Shipping (USA) Inc.,ship_agency,USA,,,,,needs_review,plausible,"Matches known US arm of the global GAC group (Houston-based ship agency), but web search budget was exhausted so no independent verification was possible.",plausible,"Search budget exhausted before this pass; GAC's US arm (Houston) is a well-known real agency per background knowledge, but not live-verified.",https://www.asba.org/asba-certified-agents,Listed as ASBA member; US arm of global GAC agency network.
"General Steamship Agencies, Inc.",ship_agency,USA,,,,,needs_review,plausible,"Known US ship agency (GenSteam) and ASBA member per prior knowledge, but live search unavailable (budget exhausted).",plausible,"Search budget exhausted, no live check; consistent with the known US agency General Steamship.",https://www.asba.org/asba-certified-agents,Listed as ASBA member ship agency.
Gulf Harbor Shipping LLC,ship_agency,USA,,,,,needs_review,plausible,"Weak prior recollection of a US Gulf-coast agency by this name; search budget exhausted, could not verify.",plausible,"Search budget exhausted; name matches a Louisiana-area agency per weak background knowledge, could not be live-verified.",https://www.asba.org/asba-certified-agents,Listed as ASBA member ship agency.
Inchcape Shipping Services,ship_agency,USA,,,,,needs_review,plausible,"Well-known global port agency with US operations per prior knowledge, but search budget exhausted; not independently verified this session.",plausible,"Search budget exhausted; Inchcape is a major global port agency with US operations per background knowledge, but not live-verified.",https://www.asba.org/asba-certified-agents,Listed as ASBA member; US operation of global port agency network.
"John S. Connor, Inc.",ship_agency,USA,,,,,needs_review,plausible,"Known Maryland-based US ship agency/forwarder per prior knowledge, but live search unavailable (budget exhausted).",plausible,"Search budget exhausted, no live check; matches prior knowledge of the Baltimore-based agency/forwarder.",https://www.asba.org/asba-certified-agents,Listed as ASBA member ship agency.
"Lott Ship Agency, Inc.",ship_agency,USA,,,,,needs_review,plausible,"Consistent with a known Mobile, Alabama ship agency, but search budget exhausted; unverified.",plausible,"Search budget exhausted; a Lott Ship Agency in Mobile, AL is known to exist per background knowledge, but not live-verified.",https://www.asba.org/asba-certified-agents,Listed as ASBA member ship agency.
"Moran Shipping Agencies, Inc.",ship_agency,USA,Providence,https://www.moranshipping.com,,,needs_review,plausible,"Well-documented Providence, RI ship agency (founded 1937) per prior knowledge, but live search unavailable (budget exhausted).",plausible,"Search budget exhausted, no live check; matches prior knowledge of the major Providence-based US ship agent.",https://www.moranshipping.com/company,"Founded 1937; largest independently owned shipping agent in the US, 5000+ port calls/year in 100+ North American ports. ASBA member."
Riverbend Shipping LLC,ship_agency,USA,,,,,needs_review,plausible,"Name is consistent with a US Gulf/Mississippi-river agency but I hold no strong prior knowledge; search budget exhausted, unverified.",plausible,Search budget exhausted; no verification possible and background knowledge is weak - re-check when search is available.,https://www.asba.org/asba-certified-agents,Listed as ASBA member ship agency.
AR Shipping,ship_agency,United Arab Emirates,Fujairah,http://arshipping.com/,,,needs_review,plausible,Not independently verified: web search budget exhausted before any query ran; no contradicting evidence.,plausible,"No live search possible (budget exhausted) and no background knowledge of this Fujairah agent; unverified, not contradicted.",http://arshipping.com/about-us/,Ship agent in Fujairah since 2007; hub and ship agency services.
Blue Bell Shipping,ship_agency,United Arab Emirates,Dubai,https://bluebellshipping.com/,,,needs_review,plausible,"Known Dubai-based UAE port agency from prior knowledge, but live search verification was blocked by exhausted search budget.",plausible,"Known Dubai-based UAE port agency from background knowledge, but website/domain could not be live-verified (search budget exhausted).",https://bluebellshipping.com/service/ship-agency-services/,"Port agency services at Jebel Ali, Port Rashid, Fujairah and Ras Al Khaimah."
Galaxy Shipping Agency,ship_agency,United Arab Emirates,Dubai,https://galaxyship.com/,,,needs_review,plausible,Search budget exhausted; plausible Dubai ship agency but could not be independently verified.,plausible,"Consistent with a Dubai ship agency operating since 1990, but galaxyship.com ownership could not be independently verified (web search budget exhausted).",https://galaxyship.com/,"Serving UAE shipping operations since 1990; offices in Dubai, Fujairah and Khorfakkan."
Middle East Fuji Khimji Shipping (MEFKS),ship_agency,United Arab Emirates,Fujairah,https://mefks.ae/,,,needs_review,plausible,Search budget exhausted; Middle East Fuji is a known Fujairah marine services group and this JV is plausible but unverified.,plausible,"Middle East Fuji is a known Fujairah marine services group and a Khimji joint-venture agency is plausible, but mefks.ae could not be verified (web search budget exhausted).",https://mefks.ae/,"Established 2010, HQ Fujairah with branches in Abu Dhabi, Dubai, Ras Al Khaimah and Sharjah; full agency, logistics and marine services."
GAC Shipping (UK) Ltd,ship_agency,United Kingdom,,,,,needs_review,confirmed,GAC's UK ship agency operation is well documented (gac.com/united-kingdom); note current trading entity is often styled GAC Services (UK) Ltd / GAC UK.,plausible,"GAC's UK ship agency is real and active, but the entity (Companies House SC121827) is now registered as GAC Services (UK) Ltd, so the listed name appears stale.",https://www.fonasba.com/fonasba-initiatives/fonasba-quality-standard/accredited-companies/,Search-result content stated GAC Shipping (UK) Ltd is listed among FONASBA Quality Standard approved companies.
George Hammond Marine Limited,ship_agency,United Kingdom,,https://georgehammond.com,,,needs_review,plausible,George Hammond is a long-established UK ships agency per prior knowledge; the GHML entity and URL could not be verified live (search quota exhausted).,plausible,"George Hammond is a genuine historic UK (Dover-based) agency group and georgehammond.com is its domain, but the Marine Limited entity details are unverified (search budget exhausted).",https://georgehammond.com/ghml-new-agency/,"Ships agency handling calls at London, Tilbury, London Gateway, Southampton and other UK ports for owners, charterers and managers."
South Coast Port Services,ship_agency,United Kingdom,Southampton,https://southcoastportservices.co.uk,,,needs_review,plausible,Unverified — no prior knowledge and no search could be run (session quota exhausted); treat as needing re-check.,plausible,"Southampton port agent consistent with its own site, but no independent evidence could be gathered (search budget exhausted).",https://southcoastportservices.co.uk/contact,Port agent within Port of Southampton; also serves Essex/London Gateway container terminals.
Wainwright Bros & Co Ltd,ship_agency,United Kingdom,Southampton,https://www.wainwrightbros.com,,,needs_review,plausible,"Known historic UK ship agency per prior knowledge, but Southampton office and website not verifiable live (search quota exhausted).",plausible,"Wainwright Bros is a known long-established UK ship agency, though the Southampton office detail is unverified (search budget exhausted).",https://www.wainwrightbros.com/,"Ship and port agency services throughout the UK, office in Southampton."
Austrian Lloyd Ship Management,ship_manager,Cyprus,Limassol,https://oelsm.com,,,needs_review,plausible,"Search budget exhausted; known Limassol-based ship manager (Oesterreichischer Lloyd), but oelsm.com website could not be re-verified.",plausible,"Known Limassol-based manager (Oesterreichischer Lloyd, hence oelsm.com domain), consistent with my knowledge, but site ownership could not be live-verified.",https://en.wikipedia.org/wiki/Austrian_Lloyd_Ship_Management,"Limassol-based ship manager focused on bulk carriers, car carriers, container ships and reefers."
Columbia Shipmanagement,ship_manager,Cyprus,Limassol,https://columbia-shipmanagement.com,,,needs_review,plausible,"Search budget exhausted; well-known Limassol-based ship manager founded 1978, details match prior knowledge but no live search evidence.",confirmed,Well-known Limassol-based ship manager (est. 1978) and columbia-shipmanagement.com is its site; assessed from model knowledge as search budget was exhausted.,https://magicport.ai/owners-managers/cyprus/columbia-shipmanagement-ltd,"Established Limassol 1978; HQ 21 Spyrou Kyprianou Avenue, Limassol; strong in tanker management."
Interorient Shipmanagement,ship_manager,Cyprus,Limassol,https://interorientshipmanagement.com,,,needs_review,plausible,"Search budget exhausted; known Limassol-headquartered manager founded 1979, consistent with prior knowledge but unverified by search.",plausible,"Company is real (Limassol, est. 1979) but I could not verify live whether interorientshipmanagement.com or the group domain interorient.com is the current official site.",https://interorientshipmanagement.com/,"Founded 1979, group HQ Limassol, Cyprus; technical and crew management; also Singapore office."
Intership Navigation,ship_manager,Cyprus,Limassol,https://www.intership-navigation.com,,,needs_review,plausible,"Search budget exhausted; known Limassol-based Hartmann Group subsidiary, consistent with prior knowledge but unverified by search.",confirmed,Hartmann Group's Limassol ship manager with intership-navigation.com as its site; assessed from model knowledge (no live search available).,https://maritime-union.com/company/intership-navigation-co-ltd,"Established 1988 in Limassol; part of Germany's Hartmann Group; technical and crew management for bulkers, tankers, gas carriers."
MSC Shipmanagement,ship_manager,Cyprus,Limassol,https://www.mscshipmanagement.com,,,needs_review,plausible,"Search budget exhausted; known Limassol-based ship management arm of MSC, consistent with prior knowledge but unverified by search.",confirmed,MSC's Limassol-based ship/crew management arm and mscshipmanagement.com is its site; assessed from model knowledge (no live search available).,https://www.mscshipmanagement.com/,"Based at 8 Spyrou Kyprianou Avenue, Limassol, Cyprus; ship and crew management arm serving the MSC fleet."
Marlow Navigation,ship_manager,Cyprus,Limassol,https://marlow-navigation.com,,,needs_review,plausible,"Search budget exhausted; known Limassol-based crew and ship management group founded 1982, consistent with prior knowledge but unverified by search.",confirmed,Leading Limassol-based crew/ship management group (est. 1982) with marlow-navigation.com as its site; assessed from model knowledge (no live search available).,https://marlow-navigation.com/en/marlow-cyprus.asp,"Established 1982, HQ Limassol; leading crew and ship management group, network in 14 countries, 26,000+ active seafarers."
Uniteam Marine,ship_manager,Cyprus,Limassol,https://www.uniteammarine.com,,,needs_review,plausible,"Search budget exhausted; known Limassol-based crew and ship manager founded 1986, consistent with prior knowledge but unverified by search.",plausible,"Real Cyprus-based crew/ship manager with uniteammarine.com as its site, but founding-year and current details could not be verified live.",https://www.highperformr.ai/company/uniteam-marine-limited,"Founded 1986, HQ Archiepiskopou Makariou III Avenue, Limassol; crew and technical ship management with offices in Germany, Singapore, Philippines, Myanmar."
Bernhard Schulte Shipmanagement (BSM),ship_manager,Germany,Hamburg,https://www.bsm.com,,,needs_review,plausible,BSM is a major Schulte Group ship manager headquartered in Hamburg per prior knowledge; live search unavailable (budget exhausted).,confirmed,"Real Schulte Group ship manager based in Hamburg, but listed site is the parent group's; BSM's own domain is bsm.com (prior knowledge, search unavailable).",https://www.trusteddocks.com/ship-manager/45295-bernhard-schulte-shipmanagement-bsm,"HQ Vorsetzen 54, Hamburg; 600+ vessels, 11 ship management centres, ~40,000 crew; part of Schulte Group."
Wilhelmsen Ahrenkiel Ship Management,ship_manager,Germany,Hamburg,https://www.wilhelmsen-ahrenkiel.com,,,needs_review,plausible,"Search budget exhausted; consistent with known Hamburg JV of Wilhelmsen Ship Management and MPC Capital's Ahrenkiel, but details could not be re-verified.",plausible,"Known Hamburg-based Wilhelmsen/MPC Capital (Ahrenkiel) container-feeder JV, consistent with my knowledge, but wilhelmsen-ahrenkiel.com could not be live-verified.",https://www.wilhelmsen-ahrenkiel.com/company/about-us,Hamburg-headquartered JV of Wilhelmsen Ship Management and MPC Capital's Ahrenkiel Steamship; manages ~72 feeder container ships; offices in Rotterdam and Singapore.
Zeaborn Ship Management,ship_manager,Germany,Hamburg,https://www.zeaborn.com,,,needs_review,plausible,"Search budget exhausted; Hamburg-based manager acquired by Wilhelmsen and MPC Capital in 2023 per prior knowledge, but no live search evidence.",plausible,Real Hamburg ship manager acquired by Wilhelmsen/MPC Capital in 2023; site believed to be zeaborn.com but post-acquisition branding could not be verified live.,https://www.wilhelmsen.com/media-news-and-events/press-releases/2023/wilhelmsen-and-mpc-capital-acquire-hamburg-based-ship-manager-zeaborn/,"Hamburg-based manager of ~100 vessels (offices Hamburg, Limassol, Singapore, Manila); acquired by Wilhelmsen and MPC Capital in 2023."
Anglo-Eastern,ship_manager,Hong Kong,Hong Kong,https://www.angloeastern.com,,,needs_review,plausible,Major Hong Kong-headquartered third-party ship manager (merged with Univan 2015) per prior knowledge; live search unavailable (budget exhausted).,confirmed,"Major Hong Kong-headquartered ship manager; 2015 Univan merger and angloeastern.com both correct (prior knowledge, search unavailable).",https://www.highperformr.ai/company/anglo-eastern,"HQ at Kingston International Centre, Kowloon Bay, Hong Kong; 740+ ships under third-party management after 2015 Univan merger."
Fleet Management Limited,ship_manager,Hong Kong,Hong Kong,https://www.fleetship.com,,,needs_review,plausible,"Search budget exhausted; known Hong Kong ship manager under the Caravel Group, consistent with prior knowledge but unverified by search.",confirmed,Hong Kong-based Caravel Group ship manager and fleetship.com is its official domain; assessed from model knowledge (no live search available).,https://www.highperformr.ai/company/fleet-management-limited,"HQ Dah Sing Financial Centre, 108 Gloucester Road, Hong Kong; ~500 vessels, 22 offices; Caravel Group company."
Wallem Group,ship_manager,Hong Kong,Hong Kong,https://www.wallem.com,,,needs_review,plausible,"Search budget exhausted; century-old Hong Kong-based maritime group per prior knowledge, but no live search evidence.",confirmed,Century-old Hong Kong ship manager and wallem.com is its official site; assessed from model knowledge (no live search available).,https://www.marinelink.com/news/wallem-group-celebrates-a-century-531924,"Century-old ship manager headquartered in Hong Kong (Dorset House, Taikoo Place, Quarry Bay)."
Eaglestar,ship_manager,Malaysia,Kuala Lumpur,https://www.eaglestar.com.my,,,needs_review,confirmed,"Search budget exhausted; well-known as MISC Group's KL-based ship management arm, matching stated details from established knowledge.",plausible,"Matches known facts (MISC Group's KL-based ship management arm, eaglestar.com.my), but website could not be live-checked as search budget was exhausted.",https://www.eaglestar.com.my/contact-us,"MISC Group's ship management arm (formed 2018 from MISC/AET fleet management integration); based at Menara Dayabumi, Kuala Lumpur, with Singapore operations."
OSM Thome,ship_manager,Norway,Arendal,https://osmthome.com,,,needs_review,plausible,"Search budget exhausted; OSM Maritime and Thome merged in 2023 with HQ in Arendal per prior knowledge, but no live search evidence.",confirmed,"Real 2023 OSM Maritime/Thome merger headquartered in Arendal, Norway; official site osmthome.com added since row had no website (model knowledge, no live search).",https://gcenode.no/news/the-ship-management-giant-in-arendal/,"2023 merger of OSM Maritime and Thome Group; 1,000+ ships, ~30,000 seafarers; HQ Arendal, Norway."
Executive Ship Management (ESM),ship_manager,Singapore,Singapore,https://www.executiveship.com,,,needs_review,plausible,"Search budget exhausted; known Singapore ship manager operating the SIMS training institute per prior knowledge, but no live search evidence.",confirmed,"Singapore-based manager of tankers/gas carriers running the SIMS institute, with executiveship.com as its site; assessed from model knowledge (no live search available).",https://www.executiveship.com/aboutus.html,"HQ 78 Shenton Way, Singapore; offices in 12 cities; strong in tankers, gas carriers and dry bulk; runs SIMS training institute."
Goodwood Ship Management,ship_manager,Singapore,Singapore,https://www.goodwoodship.com.sg,,,needs_review,plausible,"Search budget exhausted; known Singapore tanker-focused independent manager, but 2025 DHT acquisition detail could not be independently re-verified.",plausible,"Known Singapore tanker manager and DHT Holdings did agree to acquire it in 2025, but goodwoodship.com.sg could not be live-verified; note it is no longer independent post-acquisition.",https://magicport.ai/owners-managers/singapore/goodwood-ship-management,"Independent tanker-focused manager founded 2008, based at TeleTech Park, Science Park Road, Singapore; acquired by DHT Holdings in April 2025."
Synergy Marine Group,ship_manager,Singapore,Singapore,https://www.synergymarinegroup.com,,,needs_review,plausible,"Search budget exhausted; known major Singapore-headquartered ship manager, consistent with prior knowledge but unverified by search.",confirmed,Major Singapore-headquartered ship manager and synergymarinegroup.com is its official site; assessed from model knowledge (no live search available).,https://www.synergymarinegroup.com/contact/our-presence/,"HQ 1 Kim Seng Promenade, Great World City, Singapore; cited as world's third-largest shipmanager."
Union Marine Management Services (UMMS),ship_manager,Singapore,Singapore,https://www.unimarships.com,,,needs_review,plausible,"Search budget exhausted; matches known Singapore-headquartered ship manager UMMS, but website/details could not be re-verified.",plausible,"UMMS is a known Singapore-headquartered ship manager and unimarships.com is consistent, but the site could not be live-verified.",https://www.unimarships.com/about-us,"Singapore-headquartered ship manager established 2012; hubs in Singapore, India, Philippines, Norway, Vietnam and China."
Wilhelmsen Ship Management,ship_manager,Singapore,Singapore,https://www.wilhelmsen.com,,,needs_review,plausible,"Search budget exhausted; known Wilhelmsen unit that moved HQ from Kuala Lumpur to Singapore, consistent with prior knowledge but unverified by search.",confirmed,HQ moved to Singapore in 2018 and wilhelmsen.com is the parent group's site hosting the ship-management unit; assessed from model knowledge (no live search available).,https://www.seatrade-maritime.com/ship-management/wilhelmsen-ship-management-moving-hq-to-singapore-from-kl,Moved global HQ from Kuala Lumpur to Singapore in 2018; 450+ vessels; part of Norway's Wilhelmsen group.
Norbulk Shipping UK,ship_manager,United Kingdom,Glasgow,https://www.norbulkshipping.com,,,needs_review,plausible,"Search budget exhausted; known Glasgow-based technical ship manager per prior knowledge, but no live search evidence.",plausible,"Glasgow-based technical ship manager is real and norbulkshipping.com matches my knowledge, but the smaller company's current status could not be verified live.",https://maritime-union.com/company/norbulk-shipping-uk-ltd,"Technical ship manager run from Norbulk House, Glassford Street, Glasgow (group holding cited as Bermuda); manages LPG carriers, VLCCs, tankers, ro-ros, bulkers."
Northern Marine Group,ship_manager,United Kingdom,Glasgow,https://www.nmg-stena.com,,,needs_review,plausible,"Search budget exhausted; known Stena-owned Glasgow-area ship manager, but the nmg-stena.com website could not be verified by search.",confirmed,"Stena-owned UK ship manager (HQ Clydebank, Glasgow area) and nmg-stena.com is its domain; assessed from model knowledge (no live search available).",https://www.nmg-stena.com/about-us/,"UK-headquartered ship manager, part of Stena group; offices include Glasgow, Aberdeen, Houston, Mumbai, Singapore."
V.Group (V.Ships),ship_manager,United Kingdom,,https://www.vgrouplimited.com/,,,needs_review,plausible,"V.Group is the world's largest third-party ship manager, London/UK-headquartered, per prior knowledge; website field was empty so added its known site; live search unavailable.",confirmed,"World's largest third-party ship manager, UK-headquartered; official site vgrouplimited.com was missing from row (prior knowledge, search unavailable).",https://www.marineinsight.com/know-more/top-10-ship-management-companies/,"World's largest third-party ship manager; ~900+ vessels under management, described in rankings as a British company."
DFDS A/S,shipowner_operator,Denmark,Copenhagen,https://www.dfds.com/,,,needs_review,plausible,"Matches known facts (Copenhagen-based Danish ferry and logistics group), but no live search verification was possible due to exhausted search budget.",plausible,dfds.com and Copenhagen (Marmorvej 18) HQ match known facts; no live search possible.,https://www.dfds.com/en/about,"Ferry, ro-ro and logistics group; 30 ferry routes, 8 port terminals across North Sea/Baltic; HQ Marmorvej 18, Copenhagen."
Scandlines,shipowner_operator,Denmark,Copenhagen,https://www.scandlines.com/,,,needs_review,plausible,"Search budget exhausted; known from prior knowledge as a real Danish-German ferry operator headquartered in Copenhagen, but not independently confirmed this session.",plausible,"Search budget exhausted (200/200), no live check possible; details match known facts (Danish-German ferry operator, Puttgarden-Rodby/Rostock-Gedser, HQ Copenhagen, scandlines.com).",https://www.scandlines.com/about-us/our-ferries-and-harbours/,"Danish-German ferry operator on Puttgarden-Rødby and Rostock-Gedser; seven ferries incl. world's largest hybrid ferry fleet; HQ Havneholmen, Copenhagen."
AS Tallink Grupp,shipowner_operator,Estonia,Tallinn,https://company.tallink.com/,,,needs_review,plausible,"Matches known facts (Tallinn-based Baltic ferry group operating Tallink and Silja Line brands), but no live search verification was possible due to exhausted search budget.",plausible,company.tallink.com is the known corporate site of the Tallinn-based ferry group; details match knowledge but search verification was unavailable.,https://company.tallink.com/,"Leading Baltic passenger/cargo ferry operator (Tallink and Silja Line brands); 14 vessels, 7 routes; HQ Sadama 5, Tallinn."
Bore Ltd,shipowner_operator,Finland,Helsinki,,,,needs_review,plausible,"Search budget exhausted; known as a real Helsinki-based ro-ro shipowner acquired by Spliethoff in 2016, but not independently confirmed this session.",plausible,"Search budget exhausted, no live check; Bore is a known Helsinki ro-ro owner acquired by Spliethoff in 2016 (site bore.eu), consistent with row.",https://www.tradewindsnews.com/boxships/spliethoff-expands-ro-ro-arm-with-bore-acquisition/1-1-485665,Helsinki-based ro-ro shipowner acquired by Spliethoff Group (2016); vessels chartered to line operators in North Sea and Baltic.
ESL Shipping Ltd,shipowner_operator,Finland,Helsinki,https://www.eslshipping.com/,,,needs_review,plausible,"Search budget exhausted; known as a real Helsinki-based dry bulk carrier owned by Aspo Plc, but not independently confirmed this session.",plausible,"Search budget exhausted, no live check; matches known facts (Helsinki-based Baltic dry bulk carrier, Aspo Plc subsidiary, eslshipping.com).",https://www.eslshipping.com/,Leading dry bulk carrier in the Baltic; ~40 vessels with subsidiary AtoB@C; Aspo Plc subsidiary being spun off to Nasdaq Helsinki listing.
Finnlines Plc,shipowner_operator,Finland,Helsinki,https://www.finnlines.com/,,,needs_review,plausible,"Matches known facts (Helsinki-based ro-ro/passenger operator, Grimaldi Group subsidiary), but no live search verification was possible due to exhausted search budget.",plausible,"finnlines.com, Helsinki HQ and Grimaldi Group ownership match known facts; no live search possible.",https://www.finnlines.com/contact-us/,"Ro-ro and passenger operator in Baltic, North Sea and Celtic Sea; Grimaldi Group subsidiary; HQ Komentosilta 1, Helsinki."
Godby Shipping Ab,shipowner_operator,Finland,Mariehamn,https://www.godbyshipping.fi/,,,needs_review,plausible,"Search budget exhausted; known as a real Mariehamn (Åland, Finland) ro-ro shipowner, but not independently confirmed this session.",plausible,"Search budget exhausted, no live check; matches known facts (Mariehamn/Aland ro-ro owner chartering vessels out, godbyshipping.fi).",https://www.godbyshipping.fi/,"Åland ro-ro shipowner (8 ro-ro vessels), serves forestry/pulp and paper sector; vessels chartered to operators incl. DFDS."
Langh Ship,shipowner_operator,Finland,,https://www.langhship.fi/,,,needs_review,plausible,"Search budget exhausted; known as a real Finnish cargo shipowner (based in Piikkiö), but not independently confirmed this session.",plausible,"Search budget exhausted, no live check; Langh Ship Oy Ab is a known Finnish cargo shipowner (Piikkio), country matches.",https://en.wikipedia.org/wiki/Godby_Shipping,Finnish cargo shipowner specializing in demanding Northern-conditions transport; fleet under Finnish and Norwegian flags (as described in search results).
Meriaura Ltd,shipowner_operator,Finland,Turku,https://meriaura.fi/,,,needs_review,plausible,"Search budget exhausted; known as a real Turku-based dry/project cargo carrier, but not independently confirmed this session.",plausible,"Search budget exhausted, no live check; matches known facts (Turku-based dry bulk/project cargo carrier, meriaura.fi).",https://meriaura.fi/en/company/,"Dry bulk, general and project cargo carrier in Baltic/North Sea; ~3 million tonnes annually; address Eerikinkatu 26, Turku."
Prima Shipping Group,shipowner_operator,Finland,,,,,needs_review,plausible,"Search budget exhausted; known as a real Finnish dry cargo shipping group, but not independently confirmed this session.",plausible,"Search budget exhausted, no live check; Prima Shipping is a known Finnish dry cargo operator, but fleet details could not be verified.",https://www.linkedin.com/company/prima-shipping-group,"Finnish group with 10 dry cargo vessels suited to Northern conditions; serves paper, steel, building and power industries."
Rederiaktiebolaget Eckerö,shipowner_operator,Finland,Mariehamn,https://rederiabeckero.ax/,,,needs_review,plausible,"Matches known facts (Mariehamn-based Åland holding of Eckerö Line, Eckerö Linjen and Eckerö Shipping), but no live search verification was possible due to exhausted search budget.",plausible,"rederiabeckero.ax is the known group site of the Mariehamn (Åland, Finland) holding of Eckerö Line/Eckerö Linjen/Eckerö Shipping; search verification unavailable.",https://rederiabeckero.ax/en/the-group/,"Åland-based holding of Eckerö Line, Eckerö Linjen and Eckerö Shipping ferry/ro-ro brands."
Transfennica Ltd,shipowner_operator,Finland,Helsinki,https://www.transfennica.com/,,,needs_review,plausible,"Search budget exhausted; known as a real Helsinki-based ro-ro liner operator owned by Spliethoff, but not independently confirmed this session.",plausible,"Search budget exhausted, no live check; matches known facts (Spliethoff-owned Helsinki ro-ro liner operator, transfennica.com), though its liner service scope has been reduced in recent years and currency should be re-verified.",https://www.transfennica.com/,"Ice-strengthened ro-ro liner operator (est. 1976), owned by Dutch Spliethoff Group; fast routes between continental Europe, Estonia and Finland."
Viking Line Abp,shipowner_operator,Finland,Mariehamn,https://www.vikingline.com/,,+358 18 27000,needs_review,plausible,"Matches known facts (Mariehamn, Åland-based Finnish cruiseferry operator), but no live search verification was possible due to exhausted search budget.",plausible,vikingline.com and Mariehamn (Norragatan 4) HQ match known facts; phone unverified because search budget was exhausted.,https://www.vikingline.com/press-room/contact/,"Finnish ferry/cruiseferry operator between Finland, Åland, Sweden and Estonia; HQ Norragatan 4, Mariehamn; phone from press contact page."
Wasaline (NLC Ferry Ab Oy),shipowner_operator,Finland,Vaasa,https://www.wasaline.com/,,,needs_review,plausible,"Matches known facts (Vaasa-based operator of the Vaasa-Umeå Kvarken ferry), but no live search verification was possible due to exhausted search budget.",plausible,Vaasa–Umeå Kvarken ferry operator matches known facts; official site is wasaline.com; no live search possible.,https://en.wikipedia.org/wiki/Wasaline,Operates Vaasa-Umeå passenger and freight ferry route across the Kvarken.
TT-Line GmbH,shipowner_operator,Germany,Lübeck,https://www.ttline.com/,,,needs_review,plausible,"Matches known facts (Lübeck-based Baltic ferry operator on Travemünde/Rostock-Trelleborg routes), but no live search verification was possible due to exhausted search budget.",plausible,"ttline.com is the Lübeck-based German Baltic operator (distinct from Australian tt-line.com.au); matches known facts, search verification unavailable.",https://www.ttline.com/en/ttline/,Baltic ferry operator based in Lübeck; Travemünde/Rostock-Trelleborg routes since 1962.
Eimskip,shipowner_operator,Iceland,Reykjavik,https://www.eimskip.com/,,,needs_review,plausible,Search budget exhausted; matches well-known Icelandic container line founded 1914 in Reykjavik; website field was blank.,plausible,"Well-known Icelandic container line founded 1914, Reykjavik HQ; website field was empty, official site is eimskip.com; search budget exhausted so not independently confirmed.",https://en.wikipedia.org/wiki/Eimskip,Icelandic container shipping company (founded 1914) with North Sea/Baltic-Faroe-Iceland loops; focus on frozen/chilled cargo.
Royal Wagenborg,shipowner_operator,Netherlands,Delfzijl,https://www.wagenborg.com/,,,needs_review,plausible,"Search budget exhausted; matches well-known family-owned Dutch shipowner headquartered in Delfzijl, but unverified by live search.",plausible,"Matches known family-owned Delfzijl shipowner with wagenborg.com and a large general cargo fleet, but search budget exhausted so not independently confirmed.",https://www.wagenborg.com/,"Family-owned; ~160 general cargo vessels serving predominantly Baltic and NW Europe; offices in Sweden and Finland; HQ Marktstraat 10, Delfzijl."
Samskip,shipowner_operator,Netherlands,Rotterdam,https://www.samskip.com/,,,needs_review,plausible,"Search budget exhausted; matches well-known Rotterdam-headquartered multimodal short-sea operator, but no live search evidence obtained.",plausible,"Matches known Rotterdam-headquartered multimodal short-sea operator with samskip.com, but search budget exhausted so not independently confirmed.",https://www.samskip.com/our-company/,"Multimodal/short-sea container operator; Baltic and North Sea services incl. Gothenburg, Aarhus, Rotterdam, Cuxhaven and Iceland loops."
Color Line AS,shipowner_operator,Norway,Oslo,https://www.colorline.com/,,,needs_review,plausible,"Matches known facts (Oslo-based, largest Norwegian cruiseferry operator), but no live search verification was possible due to exhausted search budget.",plausible,colorline.com and Oslo HQ match known facts for Norway's largest cruiseferry line; no live search possible.,https://en.wikipedia.org/wiki/Color_Line_(ferry_operator),"Largest Norwegian cruiseferry line; HQ Filipstadveien 25, Oslo."
Fjord Line AS,shipowner_operator,Norway,Egersund,https://www.fjordline.com/,,,needs_review,plausible,"Matches known facts (Egersund-based Norway-Denmark ferry operator), but no live search verification was possible due to exhausted search budget.",plausible,Norwegian Norway–Denmark operator HQ'd in Egersund matches known facts; official site fjordline.com; no live search possible.,https://en.wikipedia.org/wiki/Fjord_Line,"Norwegian ferry operator (Norway-Denmark passenger and cargo), founded 1993, HQ Egersund."
UECC (United European Car Carriers),shipowner_operator,Norway,Oslo,https://uecc.com/,,,needs_review,plausible,"Search budget exhausted; matches known Oslo-based short-sea ro-ro car carrier jointly owned by NYK and Wallenius Lines, but unverified by live search.",plausible,"Matches known Oslo-based short-sea ro-ro carrier jointly owned by NYK and Wallenius with uecc.com, but search budget exhausted so not independently confirmed.",https://en.wikipedia.org/wiki/United_European_Car_Carriers,"Short-sea ro-ro car carrier line in Europe, jointly owned by NYK and Wallenius Lines; frequent North Sea/Baltic port calls."
Utkilen AS,shipowner_operator,Norway,Bergen,https://www.utkilen.no/,,,needs_review,plausible,"Search budget exhausted; known as a real Bergen-based chemical tanker owner, but not independently confirmed this session.",plausible,"Search budget exhausted, no live check; matches known facts (Bergen chemical tanker owner, utkilen.no).",https://www.utkilen.no/,"Owns/operates 15 chemical tankers (6,000-17,000 dwt); major Northern Europe chemical/bulk liquid carrier, founded 1967."
Wilson ASA,shipowner_operator,Norway,Bergen,https://www.wilsonship.no/,,,needs_review,plausible,"Search budget exhausted; known as a real Bergen-based short sea shipping company, but not independently confirmed this session.",plausible,"Search budget exhausted, no live check; matches known facts (Bergen-based, one of Europe's largest short sea operators, ~100+ vessels).",https://en.wikipedia.org/wiki/Wilson_(company),One of Europe's largest short sea shipping companies; ~100 vessels (64 owned); heavy Baltic/North Sea trading.
Polferries (Polska Żegluga Bałtycka SA),shipowner_operator,Poland,Kołobrzeg,https://www.polferries.pl/,,,needs_review,plausible,"Company, Kołobrzeg HQ and Poland-Scandinavia ferry business match known facts, but the 2026 POLSCA merger note could not be verified with the search budget exhausted.",plausible,"Company is real (Kołobrzeg, Poland) but its primary official domain is polferries.pl not polferries.com, and the noted March 2026 merger of operations into POLSCA S.A. means this entry may soon be stale—could not verify merger status (post-cutoff, no search available).",https://polferries.com/about-company/about-us/,"Largest Polish ferry operator, Poland-Scandinavia routes; note: operations merged into new operator POLSCA S.A. with Unity Line (from March 2026)."
Polsteam (Polska Żegluga Morska),shipowner_operator,Poland,Szczecin,https://polsteam.com/,,,needs_review,plausible,"Matches known facts (Szczecin-based largest Polish shipowner, parent of Unity Line), but no live search verification was possible due to exhausted search budget.",plausible,polsteam.com and Szczecin HQ match known facts for Poland's largest shipowner and Unity Line parent; no live search possible.,https://polsteam.com/en/polish-steamship-company-offer/baltic-cargo-passenger-transport/,Poland's largest shipping company (bulk carriers); parent of Unity Line ferry business.
Unity Line,shipowner_operator,Poland,Szczecin,https://unityline.pl/,,,needs_review,plausible,"Matches known facts (Szczecin-based Polsteam ferry brand on Świnoujście-Sweden routes), but the POLSCA takeover note could not be verified with the search budget exhausted.",plausible,"Polsteam-owned Szczecin ferry brand (unityline.pl) matches known facts, but the claimed takeover by POLSCA S.A. from 30 March 2026 flags this as a likely defunct/merged brand—unverifiable without search.",https://en.wikipedia.org/wiki/Unity_Line,Polsteam-owned ferry operator on Świnoujście-Ystad/Trelleborg; operations taken over by POLSCA S.A. from 30 March 2026.
Ahlmark Lines AB,shipowner_operator,Sweden,,https://ahlmarklines.se/,,,needs_review,plausible,"Search budget exhausted; consistent with known Swedish shipowner (Karlstad, O.F. Ahlmark group), but website and details could not be verified.",plausible,"Known Swedish shipowner (Karlstad, part of Ahlmarks group) matching the description, but website ahlmarklines.se and details could not be independently confirmed due to exhausted search budget.",https://ahlmarklines.se/about-us/,"Swedish shipowner; timber-fitted 3,000-5,200 dwcc vessels ice-suited for Baltic trading; ~1 million tonnes annually across Europe."
AtoB@C Shipping,shipowner_operator,Sweden,,,,,needs_review,plausible,"Search budget exhausted; known as ESL Shipping's real Swedish dry cargo subsidiary, but not independently confirmed this session.",plausible,"Search budget exhausted, no live check; AtoB@C Shipping AB is known as ESL Shipping's Swedish coaster subsidiary, consistent with row.",https://www.eslshipping.com/,ESL Shipping's Swedish subsidiary; part of ~40-vessel dry cargo fleet in Baltic/North Sea (named in ESL Shipping search results).
Erik Thun AB,shipowner_operator,Sweden,Gothenburg,https://www.thun.se/,,,needs_review,plausible,"Search budget exhausted before verification; details match known Swedish shipowner (Thun Tankers, Gothia Tanker Alliance with Furetank), though group HQ is Lidkoping with Thun Tankers office in Gothenburg.",plausible,"Real Swedish shipowner (HQ Lidkoping, tanker ops via Gothenburg/Gothia Tanker Alliance), but thuntankers.com is the tanker-division site and the parent site is thun.se; search budget exhausted so not independently confirmed.",https://thuntankers.com/contact/,"Swedish shipowner (dry cargo and Thun Tankers); office Första Långgatan 26, Gothenburg; markets tankers via Gothia Tanker Alliance with Furetank."
Furetank Rederi AB,shipowner_operator,Sweden,Donsö,https://furetank.se/,,,needs_review,plausible,"Search budget exhausted; known as a real Donsö-based tanker owner in the Gothia Tanker Alliance, but not independently confirmed this session.",plausible,"Search budget exhausted, no live check; matches known facts (Donso tanker owner, Gothia Tanker Alliance, furetank.se).",https://furetank.se/,"Donsö-based tanker owner; visiting address Hinsholmens bryggväg 50, Västra Frölunda; part of Gothia Tanker Alliance."
Rederi AB Gotland (Destination Gotland),shipowner_operator,Sweden,Visby,,,,needs_review,plausible,"Search budget exhausted; known as a real Visby-based shipowner whose Destination Gotland subsidiary runs Gotland ferries, but not independently confirmed this session.",plausible,"Search budget exhausted, no live check; matches known facts (Gotlandsbolaget, Visby, Destination Gotland ro-pax ferries).",https://en.wikipedia.org/wiki/Destination_Gotland,"Gotlandsbolaget; subsidiary Destination Gotland runs four high-speed ro-pax ferries; invests in ferry, ro-ro and product tanker segments."
Stena Line,shipowner_operator,Sweden,Gothenburg,https://stenaline.com/,info@stenaline.com,,needs_review,plausible,"Company and Gothenburg HQ match known facts, but the directory-sourced email could not be verified because the search budget was exhausted.",plausible,"stenaline.com and Gothenburg HQ match known facts, but info@stenaline.com comes from a scraped directory (getprospect) and could not be verified—treat the email as unconfirmed though its domain matches the company.",https://getprospect.com/business-directory/stenaline,"One of the world's largest ferry operators; HQ Stena Line Scandinavia AB, Gothenburg; general email shown in directory listing."
Terntank,shipowner_operator,Sweden,Donsö,https://terntank.com/,,,needs_review,plausible,"Search budget exhausted; real Donsö-rooted tanker company, though group entities are also registered in Skagen, Denmark - country attribution needs live verification.",plausible,"Search budget exhausted, no live check; Terntank is a known Donso-rooted family tanker company (terntank.com), though parts of the group are Denmark-registered.",https://terntank.com/about-us/our-modern-story/,"Family-owned tanker shipping company based on Donsö, Swedish west coast; active in Baltic/North Sea product tanker trades."
Wallenius SOL,shipowner_operator,Sweden,Gothenburg,https://wallenius-sol.com/,,,needs_review,plausible,"Search budget exhausted; known as a real Gothenburg-based ro-ro liner JV of Wallenius Lines and SOL, but not independently confirmed this session.",plausible,"Search budget exhausted, no live check; matches known facts (2019 Wallenius Lines/SOL JV, Gothenburg, wallenius-sol.com).",https://wallenius-sol.com/en/welcome-wallenius-sol-and-our-sustainable-motorway-sea,Ro-ro/container liner JV of Wallenius Lines and Swedish Orient Line (2019) serving Gulf of Bothnia-Baltic-North Sea-UK; recently acquired Mann Lines and two Wagenborg ro-ros.
Mann Lines,shipowner_operator,United Kingdom,Harwich,,,,needs_review,plausible,"Search budget exhausted; consistent with known Harwich-based ro-ro/liner operator acquired by Wallenius SOL, but unverified by live search.",plausible,"Known Harwich-based operator acquired by Wallenius SOL (announced 2023), consistent with notes; website field empty (mannlines.com expected) and not independently confirmed due to exhausted search budget.",https://afloat.ie/port-news/port-and-shipping-news/item/66322-swedish-operator-wallenius-sol-acquires-uk-firm-to-extend-service-range-including-ireland,Harwich-based ro-ro/container liner and logistics provider active in Baltic trades; acquired by Wallenius SOL.
Cascade Marine Agencies Ltd,ship_agency,USA,,https://cascademarineagencies.com,,,rejected,failed,"Company exists and is an ASBA/FONASBA-accredited ship agency, but it is based in Vancouver, Washington, USA, not Canada.",failed,"Company exists but is headquartered in Vancouver, Washington, USA serving US Pacific coast ports, contradicting the listed country Canada.",https://www.fonasba.com/wp-content/uploads/2022/06/ASBA-QUALITY-STANDARD-June-2022.pdf,"Named in ASBA (North America) FONASBA Quality Standard approvals record surfaced in search results; country (Canada) inferred from general knowledge, not the search snippet."
